student_key,term,stress_score,sleep_hours,wellbeing_score,loneliness_score,assessment_date
STU-00001,T1,23.4,6.0,84.0,48.2,2025-10-15
STU-00001,T2,48.5,7.2,72.2,48.1,2026-02-15
STU-00001,T3,54.7,7.0,78.8,39.4,2026-05-15
STU-00002,T1,50.6,5.7,61.1,27.2,2025-10-15
STU-00002,T2,32.2,7.0,68.2,55.1,2026-02-15
STU-00002,T3,43.3,8.0,71.4,56.5,2026-05-15
STU-00003,T1,40.9,6.0,69.6,54.0,2025-10-15
STU-00003,T2,59.3,4.9,57.1,32.4,2026-02-15
STU-00003,T3,61.7,5.7,54.0,49.4,2026-05-15
STU-00004,T1,49.8,6.9,74.7,51.9,2025-10-15
STU-00004,T2,25.4,5.6,81.0,28.7,2026-02-15
STU-00004,T3,40.8,5.8,70.5,47.4,2026-05-15
STU-00005,T1,42.0,6.0,72.9,47.7,2025-10-15
STU-00005,T2,69.3,6.1,46.6,54.0,2026-02-15
STU-00005,T3,27.2,7.5,77.3,51.1,2026-05-15
STU-00006,T1,52.2,5.7,59.4,58.3,2025-10-15
STU-00006,T2,35.5,6.0,71.2,67.3,2026-02-15
STU-00006,T3,13.3,8.3,95.0,44.9,2026-05-15
STU-00007,T1,61.8,6.6,77.5,30.2,2025-10-15
STU-00007,T2,65.2,6.2,74.5,59.6,2026-02-15
STU-00007,T3,61.7,6.1,64.4,59.5,2026-05-15
STU-00008,T1,44.4,6.3,69.6,48.8,2025-10-15
STU-00008,T2,26.5,7.1,83.2,52.1,2026-02-15
STU-00008,T3,46.9,8.1,84.9,57.6,2026-05-15
STU-00009,T1,46.9,4.7,68.1,28.2,2025-10-15
STU-00009,T2,60.9,5.4,55.9,59.7,2026-02-15
STU-00009,T3,35.8,6.8,66.7,41.2,2026-05-15
STU-00010,T1,50.4,5.8,58.9,41.4,2025-10-15
STU-00010,T2,57.1,4.4,53.1,65.5,2026-02-15
STU-00010,T3,60.6,6.2,48.7,43.6,2026-05-15
STU-00011,T1,36.1,5.8,73.5,29.4,2025-10-15
STU-00011,T2,56.4,5.1,49.5,49.5,2026-02-15
STU-00011,T3,19.1,6.1,74.3,39.3,2026-05-15
STU-00012,T1,57.1,5.8,68.9,51.8,2025-10-15
STU-00012,T2,61.6,5.7,68.9,46.5,2026-02-15
STU-00012,T3,53.6,5.4,77.0,53.5,2026-05-15
STU-00013,T1,54.7,5.9,68.5,43.5,2025-10-15
STU-00013,T2,39.9,6.6,86.2,62.6,2026-02-15
STU-00013,T3,37.3,5.3,77.2,57.9,2026-05-15
STU-00014,T1,59.7,4.9,64.9,56.6,2025-10-15
STU-00014,T2,30.6,6.8,73.4,37.7,2026-02-15
STU-00014,T3,25.1,7.4,81.0,43.1,2026-05-15
STU-00015,T1,34.2,6.5,71.2,35.4,2025-10-15
STU-00015,T2,59.7,4.5,51.2,47.6,2026-02-15
STU-00015,T3,45.2,7.3,74.2,29.1,2026-05-15
STU-00016,T1,37.0,6.2,75.0,58.7,2025-10-15
STU-00016,T2,40.6,6.9,70.5,38.7,2026-02-15
STU-00016,T3,61.0,6.0,68.0,61.0,2026-05-15
STU-00017,T1,47.5,4.9,62.2,44.0,2025-10-15
STU-00017,T2,38.5,5.2,66.3,43.0,2026-02-15
STU-00017,T3,62.7,7.0,58.9,56.3,2026-05-15
STU-00018,T1,36.1,6.8,82.9,25.9,2025-10-15
STU-00018,T2,40.0,6.3,59.8,48.1,2026-02-15
STU-00018,T3,57.4,6.9,71.0,53.6,2026-05-15
STU-00019,T1,45.5,5.9,77.9,44.5,2025-10-15
STU-00019,T2,32.2,6.4,62.3,49.1,2026-02-15
STU-00019,T3,45.5,5.9,70.2,43.5,2026-05-15
STU-00020,T1,33.9,7.2,82.4,23.3,2025-10-15
STU-00020,T2,59.7,4.4,57.9,44.5,2026-02-15
STU-00020,T3,38.0,7.7,74.9,22.7,2026-05-15
STU-00021,T1,76.0,7.0,75.5,53.3,2025-10-15
STU-00021,T2,61.0,5.5,50.8,56.9,2026-02-15
STU-00021,T3,48.3,6.9,73.0,35.3,2026-05-15
STU-00022,T1,28.6,7.6,78.0,52.8,2025-10-15
STU-00022,T2,72.6,5.5,65.9,61.7,2026-02-15
STU-00022,T3,45.4,6.0,74.1,34.2,2026-05-15
STU-00023,T1,69.2,6.0,58.7,47.3,2025-10-15
STU-00023,T2,47.2,4.0,48.3,39.1,2026-02-15
STU-00023,T3,22.3,6.3,76.8,48.9,2026-05-15
STU-00024,T1,27.0,6.7,95.0,55.9,2025-10-15
STU-00024,T2,61.1,6.4,65.5,51.0,2026-02-15
STU-00024,T3,57.6,5.5,55.5,71.3,2026-05-15
STU-00025,T1,33.3,6.4,83.5,70.1,2025-10-15
STU-00025,T2,67.4,7.0,67.1,73.5,2026-02-15
STU-00025,T3,50.5,7.5,95.0,39.9,2026-05-15
STU-00026,T1,43.5,6.6,82.1,42.3,2025-10-15
STU-00026,T2,31.8,5.6,84.5,47.9,2026-02-15
STU-00026,T3,33.7,5.7,83.8,29.7,2026-05-15
STU-00027,T1,58.1,6.8,64.1,44.1,2025-10-15
STU-00027,T2,54.0,7.4,56.3,59.5,2026-02-15
STU-00027,T3,37.4,7.0,79.4,43.4,2026-05-15
STU-00028,T1,32.1,7.6,71.6,46.1,2025-10-15
STU-00028,T2,47.2,6.4,83.9,38.7,2026-02-15
STU-00028,T3,32.8,6.4,80.9,54.7,2026-05-15
STU-00029,T1,39.6,5.5,75.5,29.5,2025-10-15
STU-00029,T2,47.8,6.1,69.3,52.5,2026-02-15
STU-00029,T3,37.3,6.7,64.7,18.4,2026-05-15
STU-00030,T1,45.9,5.7,67.7,60.1,2025-10-15
STU-00030,T2,48.9,5.3,50.0,67.8,2026-02-15
STU-00030,T3,46.4,6.0,68.1,28.3,2026-05-15
STU-00031,T1,65.0,6.4,70.2,50.0,2025-10-15
STU-00031,T2,39.3,5.7,69.3,55.6,2026-02-15
STU-00031,T3,40.5,7.3,84.1,37.9,2026-05-15
STU-00032,T1,50.1,5.7,63.6,53.2,2025-10-15
STU-00032,T2,53.1,4.4,59.1,43.4,2026-02-15
STU-00032,T3,53.7,4.8,57.2,43.8,2026-05-15
STU-00033,T1,28.9,4.6,80.0,36.4,2025-10-15
STU-00033,T2,57.1,5.8,72.6,32.5,2026-02-15
STU-00033,T3,43.1,6.8,72.8,45.0,2026-05-15
STU-00034,T1,48.4,6.9,71.2,50.5,2025-10-15
STU-00034,T2,33.8,7.2,75.2,38.4,2026-02-15
STU-00034,T3,52.0,5.6,73.8,36.1,2026-05-15
STU-00035,T1,59.6,5.9,71.4,63.8,2025-10-15
STU-00035,T2,58.3,5.9,58.4,48.4,2026-02-15
STU-00035,T3,22.3,5.4,86.0,54.3,2026-05-15
STU-00036,T1,26.1,6.8,75.9,31.5,2025-10-15
STU-00036,T2,44.1,5.9,75.7,29.8,2026-02-15
STU-00036,T3,39.9,6.8,82.1,53.1,2026-05-15
STU-00037,T1,32.5,6.3,77.2,54.9,2025-10-15
STU-00037,T2,53.3,5.4,73.9,29.7,2026-02-15
STU-00037,T3,39.5,5.4,74.8,36.1,2026-05-15
STU-00038,T1,32.7,5.6,67.6,69.2,2025-10-15
STU-00038,T2,47.4,6.8,55.6,52.2,2026-02-15
STU-00038,T3,53.5,5.7,54.4,40.2,2026-05-15
STU-00039,T1,22.4,7.0,67.0,47.6,2025-10-15
STU-00039,T2,71.7,4.7,73.4,44.3,2026-02-15
STU-00039,T3,52.6,6.3,85.4,42.7,2026-05-15
STU-00040,T1,51.7,6.4,70.0,39.5,2025-10-15
STU-00040,T2,61.3,6.1,86.5,52.2,2026-02-15
STU-00040,T3,37.3,5.8,72.4,56.3,2026-05-15
STU-00041,T1,37.7,7.4,70.0,40.6,2025-10-15
STU-00041,T2,43.5,6.9,75.1,57.1,2026-02-15
STU-00041,T3,36.6,6.2,84.7,51.3,2026-05-15
STU-00042,T1,51.8,5.9,59.7,52.8,2025-10-15
STU-00042,T2,48.4,5.8,74.2,41.3,2026-02-15
STU-00042,T3,45.6,6.7,55.6,44.6,2026-05-15
STU-00043,T1,32.3,4.7,81.0,50.3,2025-10-15
STU-00043,T2,53.9,5.9,58.7,33.0,2026-02-15
STU-00043,T3,29.8,7.0,74.8,47.1,2026-05-15
STU-00044,T1,50.5,6.2,70.5,52.9,2025-10-15
STU-00044,T2,52.4,6.6,57.6,22.3,2026-02-15
STU-00044,T3,42.7,6.4,77.7,26.0,2026-05-15
STU-00045,T1,56.4,6.6,51.3,20.8,2025-10-15
STU-00045,T2,56.8,6.2,61.4,49.3,2026-02-15
STU-00045,T3,39.1,6.6,68.5,47.3,2026-05-15
STU-00046,T1,40.6,6.3,68.7,45.1,2025-10-15
STU-00046,T2,33.7,5.6,67.2,37.0,2026-02-15
STU-00046,T3,32.8,7.8,79.7,39.5,2026-05-15
STU-00047,T1,38.7,6.2,73.3,59.1,2025-10-15
STU-00047,T2,43.7,5.4,65.4,32.4,2026-02-15
STU-00047,T3,57.5,7.4,73.0,37.8,2026-05-15
STU-00048,T1,33.1,7.1,81.6,53.1,2025-10-15
STU-00048,T2,57.0,6.3,69.1,58.4,2026-02-15
STU-00048,T3,18.9,7.2,72.7,57.2,2026-05-15
STU-00049,T1,57.7,6.1,61.8,42.4,2025-10-15
STU-00049,T2,40.3,6.9,74.3,51.7,2026-02-15
STU-00049,T3,40.0,6.1,60.2,68.1,2026-05-15
STU-00050,T1,51.0,5.7,67.3,46.4,2025-10-15
STU-00050,T2,41.2,4.7,74.8,22.6,2026-02-15
STU-00050,T3,56.7,4.6,57.1,41.0,2026-05-15
STU-00051,T1,46.0,5.1,55.6,27.8,2025-10-15
STU-00051,T2,45.0,6.6,81.6,53.1,2026-02-15
STU-00051,T3,32.9,5.8,79.6,29.9,2026-05-15
STU-00052,T1,32.3,5.5,52.3,48.1,2025-10-15
STU-00052,T2,48.3,7.0,71.3,56.1,2026-02-15
STU-00052,T3,27.9,6.4,75.2,55.1,2026-05-15
STU-00053,T1,30.5,5.3,78.3,48.1,2025-10-15
STU-00053,T2,40.2,5.6,66.8,34.9,2026-02-15
STU-00053,T3,50.8,4.9,72.3,60.6,2026-05-15
STU-00054,T1,49.4,7.1,59.8,35.0,2025-10-15
STU-00054,T2,48.1,7.5,67.4,47.9,2026-02-15
STU-00054,T3,63.7,6.2,44.0,46.2,2026-05-15
STU-00055,T1,41.1,5.8,73.2,56.8,2025-10-15
STU-00055,T2,23.6,8.3,85.4,52.2,2026-02-15
STU-00055,T3,44.7,5.5,72.6,33.5,2026-05-15
STU-00056,T1,18.2,7.2,76.7,54.0,2025-10-15
STU-00056,T2,71.4,6.3,62.4,41.6,2026-02-15
STU-00056,T3,63.3,6.1,71.5,30.1,2026-05-15
STU-00057,T1,59.0,5.2,81.5,46.5,2025-10-15
STU-00057,T2,69.4,5.5,63.5,39.0,2026-02-15
STU-00057,T3,55.1,6.1,52.5,39.7,2026-05-15
STU-00058,T1,12.3,5.7,71.6,17.8,2025-10-15
STU-00058,T2,59.8,6.7,68.9,10.4,2026-02-15
STU-00058,T3,54.0,4.9,68.2,54.3,2026-05-15
STU-00059,T1,41.0,6.3,79.2,29.1,2025-10-15
STU-00059,T2,34.7,7.5,82.6,33.0,2026-02-15
STU-00059,T3,31.7,5.9,84.3,63.7,2026-05-15
STU-00060,T1,24.4,5.5,72.6,39.4,2025-10-15
STU-00060,T2,56.3,4.5,68.4,42.0,2026-02-15
STU-00060,T3,61.3,6.7,59.6,54.4,2026-05-15
STU-00061,T1,29.5,6.9,75.4,41.7,2025-10-15
STU-00061,T2,42.9,5.1,71.2,55.0,2026-02-15
STU-00061,T3,39.7,5.3,79.2,35.5,2026-05-15
STU-00062,T1,44.1,4.9,81.0,41.4,2025-10-15
STU-00062,T2,49.5,3.7,70.7,44.8,2026-02-15
STU-00062,T3,39.5,5.0,67.4,32.4,2026-05-15
STU-00063,T1,41.6,5.2,64.2,33.5,2025-10-15
STU-00063,T2,38.9,7.1,79.0,39.0,2026-02-15
STU-00063,T3,30.7,6.4,90.4,31.2,2026-05-15
STU-00064,T1,40.0,6.9,77.2,28.8,2025-10-15
STU-00064,T2,51.4,6.3,57.7,56.5,2026-02-15
STU-00064,T3,67.7,6.8,67.5,43.0,2026-05-15
STU-00065,T1,45.8,6.8,78.4,42.6,2025-10-15
STU-00065,T2,52.7,5.8,67.6,58.2,2026-02-15
STU-00065,T3,70.4,5.6,50.5,34.1,2026-05-15
STU-00066,T1,35.9,6.4,72.3,43.8,2025-10-15
STU-00066,T2,40.9,6.3,76.8,40.3,2026-02-15
STU-00066,T3,53.8,4.0,65.7,44.3,2026-05-15
STU-00067,T1,44.0,6.2,71.1,33.0,2025-10-15
STU-00067,T2,49.4,5.7,66.4,30.7,2026-02-15
STU-00067,T3,44.8,6.5,68.1,23.4,2026-05-15
STU-00068,T1,46.3,7.3,87.1,51.7,2025-10-15
STU-00068,T2,20.9,6.6,84.2,57.5,2026-02-15
STU-00068,T3,61.9,5.4,62.3,47.6,2026-05-15
STU-00069,T1,34.8,5.8,77.9,49.8,2025-10-15
STU-00069,T2,34.7,7.2,83.3,39.0,2026-02-15
STU-00069,T3,47.9,6.2,71.3,40.6,2026-05-15
STU-00070,T1,66.8,5.8,64.9,48.1,2025-10-15
STU-00070,T2,49.2,7.4,71.4,71.3,2026-02-15
STU-00070,T3,49.0,6.8,55.8,73.0,2026-05-15
STU-00071,T1,47.2,5.9,83.2,43.6,2025-10-15
STU-00071,T2,56.3,5.4,67.2,29.6,2026-02-15
STU-00071,T3,38.6,5.6,74.6,67.0,2026-05-15
STU-00072,T1,40.7,5.7,78.9,44.7,2025-10-15
STU-00072,T2,43.7,6.7,78.9,14.0,2026-02-15
STU-00072,T3,72.1,5.9,70.4,36.1,2026-05-15
STU-00073,T1,44.2,5.2,71.3,50.0,2025-10-15
STU-00073,T2,37.4,7.3,81.6,49.8,2026-02-15
STU-00073,T3,29.5,4.3,69.1,34.3,2026-05-15
STU-00074,T1,20.8,6.1,75.0,28.0,2025-10-15
STU-00074,T2,42.9,6.6,80.1,41.1,2026-02-15
STU-00074,T3,51.9,4.9,67.0,39.9,2026-05-15
STU-00075,T1,55.0,6.4,60.8,69.7,2025-10-15
STU-00075,T2,41.5,5.6,67.9,32.4,2026-02-15
STU-00075,T3,56.9,6.0,67.3,49.5,2026-05-15
STU-00076,T1,48.6,5.5,64.5,47.7,2025-10-15
STU-00076,T2,59.2,7.2,63.6,39.5,2026-02-15
STU-00076,T3,34.7,7.4,63.4,47.3,2026-05-15
STU-00077,T1,39.5,5.9,46.2,34.6,2025-10-15
STU-00077,T2,47.5,4.3,63.5,43.4,2026-02-15
STU-00077,T3,42.8,5.6,60.3,58.5,2026-05-15
STU-00078,T1,56.4,6.8,68.8,42.7,2025-10-15
STU-00078,T2,49.6,6.0,61.4,65.8,2026-02-15
STU-00078,T3,37.9,6.0,67.0,61.1,2026-05-15
STU-00079,T1,32.1,4.4,73.4,17.4,2025-10-15
STU-00079,T2,37.3,6.7,60.5,18.9,2026-02-15
STU-00079,T3,50.9,6.5,67.3,36.2,2026-05-15
STU-00080,T1,58.1,4.7,58.1,49.6,2025-10-15
STU-00080,T2,35.7,6.7,69.9,40.6,2026-02-15
STU-00080,T3,58.2,6.5,62.5,34.1,2026-05-15
STU-00081,T1,36.5,7.1,75.6,51.8,2025-10-15
STU-00081,T2,57.8,5.5,64.3,40.7,2026-02-15
STU-00081,T3,49.4,6.7,70.1,54.7,2026-05-15
STU-00082,T1,54.8,6.9,72.9,36.8,2025-10-15
STU-00082,T2,57.5,5.9,64.2,37.5,2026-02-15
STU-00082,T3,35.7,5.8,78.9,38.1,2026-05-15
STU-00083,T1,34.1,6.5,67.3,28.9,2025-10-15
STU-00083,T2,34.7,6.8,63.7,47.6,2026-02-15
STU-00083,T3,24.1,8.3,82.8,53.8,2026-05-15
STU-00084,T1,56.8,4.8,61.4,34.6,2025-10-15
STU-00084,T2,52.5,4.1,80.0,45.1,2026-02-15
STU-00084,T3,38.4,6.9,74.0,34.8,2026-05-15
STU-00085,T1,43.8,6.8,78.0,30.9,2025-10-15
STU-00085,T2,50.0,4.8,68.8,40.7,2026-02-15
STU-00085,T3,42.4,5.9,58.2,55.5,2026-05-15
STU-00086,T1,31.1,6.9,74.5,58.5,2025-10-15
STU-00086,T2,54.6,5.5,74.5,34.3,2026-02-15
STU-00086,T3,51.4,5.9,80.1,61.3,2026-05-15
STU-00087,T1,58.1,6.1,53.8,49.2,2025-10-15
STU-00087,T2,50.2,6.0,67.1,25.1,2026-02-15
STU-00087,T3,43.2,7.5,57.7,47.4,2026-05-15
STU-00088,T1,16.0,7.0,95.0,32.9,2025-10-15
STU-00088,T2,49.8,6.5,65.1,51.4,2026-02-15
STU-00088,T3,46.1,6.1,69.4,67.9,2026-05-15
STU-00089,T1,69.3,5.3,55.0,40.7,2025-10-15
STU-00089,T2,49.8,6.5,80.5,45.0,2026-02-15
STU-00089,T3,53.2,5.3,57.6,60.5,2026-05-15
STU-00090,T1,37.3,5.9,67.0,62.1,2025-10-15
STU-00090,T2,62.9,6.0,50.9,50.5,2026-02-15
STU-00090,T3,37.5,7.4,69.7,50.8,2026-05-15
STU-00091,T1,35.2,4.7,78.7,40.9,2025-10-15
STU-00091,T2,29.8,5.7,82.7,48.1,2026-02-15
STU-00091,T3,45.4,6.0,65.1,43.7,2026-05-15
STU-00092,T1,50.6,6.3,67.0,36.0,2025-10-15
STU-00092,T2,59.1,6.3,71.6,44.3,2026-02-15
STU-00092,T3,35.7,7.6,67.1,34.9,2026-05-15
STU-00093,T1,44.2,5.6,70.5,40.6,2025-10-15
STU-00093,T2,43.8,7.4,80.5,43.9,2026-02-15
STU-00093,T3,45.1,6.7,83.9,37.6,2026-05-15
STU-00094,T1,47.2,5.5,70.0,33.6,2025-10-15
STU-00094,T2,47.6,5.6,63.4,16.3,2026-02-15
STU-00094,T3,51.9,5.3,64.0,29.2,2026-05-15
STU-00095,T1,49.2,6.6,68.5,56.2,2025-10-15
STU-00095,T2,28.1,6.8,78.9,36.4,2026-02-15
STU-00095,T3,22.7,7.6,89.2,44.8,2026-05-15
STU-00096,T1,33.7,6.7,77.6,58.3,2025-10-15
STU-00096,T2,59.2,5.8,64.5,29.0,2026-02-15
STU-00096,T3,7.0,5.5,79.4,46.7,2026-05-15
STU-00097,T1,44.6,6.5,73.9,47.0,2025-10-15
STU-00097,T2,40.0,5.9,78.5,44.9,2026-02-15
STU-00097,T3,41.1,4.2,77.6,56.0,2026-05-15
STU-00098,T1,42.9,5.6,78.0,55.0,2025-10-15
STU-00098,T2,51.7,6.1,66.6,62.7,2026-02-15
STU-00098,T3,52.3,5.9,80.4,29.9,2026-05-15
STU-00099,T1,39.7,5.3,85.8,56.4,2025-10-15
STU-00099,T2,49.2,5.9,66.7,52.2,2026-02-15
STU-00099,T3,53.2,5.7,71.6,47.0,2026-05-15
STU-00100,T1,30.3,6.7,80.2,56.3,2025-10-15
STU-00100,T2,44.7,8.4,79.3,42.5,2026-02-15
STU-00100,T3,41.0,5.2,74.5,47.5,2026-05-15
STU-00101,T1,44.1,5.9,68.5,40.5,2025-10-15
STU-00101,T2,38.9,5.6,65.0,25.9,2026-02-15
STU-00101,T3,48.8,7.7,67.1,23.0,2026-05-15
STU-00102,T1,57.7,6.3,59.7,59.5,2025-10-15
STU-00102,T2,56.7,7.0,66.0,58.1,2026-02-15
STU-00102,T3,28.5,5.8,69.7,35.6,2026-05-15
STU-00103,T1,49.6,6.4,78.7,48.8,2025-10-15
STU-00103,T2,34.8,7.5,73.4,64.4,2026-02-15
STU-00103,T3,23.1,5.7,82.8,38.7,2026-05-15
STU-00104,T1,52.7,5.6,73.3,32.3,2025-10-15
STU-00104,T2,52.4,6.7,75.6,29.5,2026-02-15
STU-00104,T3,37.9,5.7,67.7,31.2,2026-05-15
STU-00105,T1,45.5,6.0,87.0,45.4,2025-10-15
STU-00105,T2,39.1,6.0,80.4,51.0,2026-02-15
STU-00105,T3,61.7,5.0,70.3,34.4,2026-05-15
STU-00106,T1,42.5,7.6,74.2,72.5,2025-10-15
STU-00106,T2,62.4,6.4,72.7,41.2,2026-02-15
STU-00106,T3,44.7,5.4,62.5,55.0,2026-05-15
STU-00107,T1,37.3,6.3,56.5,45.0,2025-10-15
STU-00107,T2,39.9,6.8,61.9,49.8,2026-02-15
STU-00107,T3,43.5,5.5,63.2,23.4,2026-05-15
STU-00108,T1,10.7,7.3,80.7,56.1,2025-10-15
STU-00108,T2,42.1,6.0,75.6,46.4,2026-02-15
STU-00108,T3,34.8,6.2,63.3,30.9,2026-05-15
STU-00109,T1,46.0,6.7,79.9,36.8,2025-10-15
STU-00109,T2,62.2,5.1,55.1,72.3,2026-02-15
STU-00109,T3,49.8,6.7,69.6,52.9,2026-05-15
STU-00110,T1,71.1,5.3,62.5,50.2,2025-10-15
STU-00110,T2,26.1,7.4,79.1,63.5,2026-02-15
STU-00110,T3,47.9,5.9,87.5,37.8,2026-05-15
STU-00111,T1,45.3,4.7,75.8,40.5,2025-10-15
STU-00111,T2,76.8,6.3,74.5,67.4,2026-02-15
STU-00111,T3,47.9,7.2,71.9,17.7,2026-05-15
STU-00112,T1,47.5,5.1,56.4,55.0,2025-10-15
STU-00112,T2,67.7,5.2,48.8,48.7,2026-02-15
STU-00112,T3,51.3,7.2,70.9,44.1,2026-05-15
STU-00113,T1,47.4,6.1,78.4,72.3,2025-10-15
STU-00113,T2,26.0,7.2,84.5,48.0,2026-02-15
STU-00113,T3,52.8,5.5,73.6,59.2,2026-05-15
STU-00114,T1,51.2,7.4,62.6,62.5,2025-10-15
STU-00114,T2,47.2,6.6,81.8,67.8,2026-02-15
STU-00114,T3,40.7,5.6,68.1,19.2,2026-05-15
STU-00115,T1,44.8,6.5,85.5,59.2,2025-10-15
STU-00115,T2,44.3,6.5,65.8,36.2,2026-02-15
STU-00115,T3,37.0,7.2,87.2,65.7,2026-05-15
STU-00116,T1,45.5,4.5,63.8,37.1,2025-10-15
STU-00116,T2,49.7,5.6,71.0,51.1,2026-02-15
STU-00116,T3,41.3,6.3,63.8,47.8,2026-05-15
STU-00117,T1,51.2,6.6,80.8,52.2,2025-10-15
STU-00117,T2,46.5,4.9,73.1,39.7,2026-02-15
STU-00117,T3,56.1,6.2,66.7,23.9,2026-05-15
STU-00118,T1,41.0,6.1,73.5,56.5,2025-10-15
STU-00118,T2,52.2,5.1,60.1,50.8,2026-02-15
STU-00118,T3,39.5,4.7,70.0,40.4,2026-05-15
STU-00119,T1,56.2,7.7,78.1,58.2,2025-10-15
STU-00119,T2,56.7,5.4,57.0,25.4,2026-02-15
STU-00119,T3,38.9,6.6,87.1,41.4,2026-05-15
STU-00120,T1,57.0,5.4,74.9,39.0,2025-10-15
STU-00120,T2,40.9,5.5,79.7,55.0,2026-02-15
STU-00120,T3,56.2,5.4,62.0,32.5,2026-05-15
STU-00121,T1,42.8,6.4,58.6,32.6,2025-10-15
STU-00121,T2,52.1,5.5,61.4,39.3,2026-02-15
STU-00121,T3,51.3,6.0,77.6,45.4,2026-05-15
STU-00122,T1,74.4,5.8,52.0,44.4,2025-10-15
STU-00122,T2,33.9,6.3,76.0,34.9,2026-02-15
STU-00122,T3,54.7,5.0,60.3,35.9,2026-05-15
STU-00123,T1,40.4,5.9,81.9,28.8,2025-10-15
STU-00123,T2,39.9,5.5,72.1,39.1,2026-02-15
STU-00123,T3,43.4,4.8,80.6,53.6,2026-05-15
STU-00124,T1,42.5,6.3,74.7,43.8,2025-10-15
STU-00124,T2,42.5,7.2,73.1,41.0,2026-02-15
STU-00124,T3,29.3,6.3,89.4,51.9,2026-05-15
STU-00125,T1,67.6,6.7,58.8,31.3,2025-10-15
STU-00125,T2,53.7,5.4,69.6,44.1,2026-02-15
STU-00125,T3,37.6,6.2,71.0,50.2,2026-05-15
STU-00126,T1,63.7,6.0,63.8,54.6,2025-10-15
STU-00126,T2,29.0,5.9,57.2,66.3,2026-02-15
STU-00126,T3,49.8,5.8,53.4,47.4,2026-05-15
STU-00127,T1,34.9,5.9,71.6,48.3,2025-10-15
STU-00127,T2,39.1,6.4,63.9,63.8,2026-02-15
STU-00127,T3,43.5,5.3,63.7,42.4,2026-05-15
STU-00128,T1,53.2,6.5,70.3,55.9,2025-10-15
STU-00128,T2,48.8,6.6,64.1,50.8,2026-02-15
STU-00128,T3,51.4,4.9,57.3,59.2,2026-05-15
STU-00129,T1,39.7,4.8,88.5,38.3,2025-10-15
STU-00129,T2,52.3,7.3,69.4,44.7,2026-02-15
STU-00129,T3,50.0,4.5,57.8,66.7,2026-05-15
STU-00130,T1,73.1,5.4,61.9,46.0,2025-10-15
STU-00130,T2,28.6,6.2,75.3,52.6,2026-02-15
STU-00130,T3,55.1,5.3,74.2,62.2,2026-05-15
STU-00131,T1,30.9,6.4,71.1,55.7,2025-10-15
STU-00131,T2,65.2,6.0,58.4,59.8,2026-02-15
STU-00131,T3,47.7,5.6,59.9,52.7,2026-05-15
STU-00132,T1,40.5,5.1,47.8,60.7,2025-10-15
STU-00132,T2,49.7,6.4,59.8,31.8,2026-02-15
STU-00132,T3,37.6,6.3,71.7,46.3,2026-05-15
STU-00133,T1,43.8,6.1,82.8,54.6,2025-10-15
STU-00133,T2,45.4,7.1,82.3,33.0,2026-02-15
STU-00133,T3,44.3,6.3,77.0,48.2,2026-05-15
STU-00134,T1,58.1,5.5,47.0,40.9,2025-10-15
STU-00134,T2,56.9,5.1,65.2,45.6,2026-02-15
STU-00134,T3,41.6,6.3,71.8,41.6,2026-05-15
STU-00135,T1,53.7,4.0,64.4,42.8,2025-10-15
STU-00135,T2,60.9,5.7,62.9,29.8,2026-02-15
STU-00135,T3,54.2,6.7,75.8,33.8,2026-05-15
STU-00136,T1,74.6,6.6,66.9,38.9,2025-10-15
STU-00136,T2,38.2,6.8,73.9,43.8,2026-02-15
STU-00136,T3,18.9,6.8,87.7,40.2,2026-05-15
STU-00137,T1,47.2,6.1,76.1,25.3,2025-10-15
STU-00137,T2,75.5,5.8,62.7,46.0,2026-02-15
STU-00137,T3,30.9,6.3,61.8,30.2,2026-05-15
STU-00138,T1,46.7,5.6,67.3,41.8,2025-10-15
STU-00138,T2,57.2,5.3,47.1,47.3,2026-02-15
STU-00138,T3,61.4,6.3,59.3,37.9,2026-05-15
STU-00139,T1,42.0,6.3,64.4,27.1,2025-10-15
STU-00139,T2,39.6,5.4,73.3,71.0,2026-02-15
STU-00139,T3,53.7,6.3,65.0,32.3,2026-05-15
STU-00140,T1,58.1,6.2,60.0,27.7,2025-10-15
STU-00140,T2,45.7,6.4,56.2,48.0,2026-02-15
STU-00140,T3,32.3,6.8,70.6,29.3,2026-05-15
STU-00141,T1,50.8,5.6,65.7,69.8,2025-10-15
STU-00141,T2,47.8,5.2,75.0,34.6,2026-02-15
STU-00141,T3,15.2,7.1,83.9,48.0,2026-05-15
STU-00142,T1,38.9,4.8,72.2,53.6,2025-10-15
STU-00142,T2,42.8,5.8,80.1,41.5,2026-02-15
STU-00142,T3,41.9,5.3,73.2,36.2,2026-05-15
STU-00143,T1,38.2,5.8,63.5,37.3,2025-10-15
STU-00143,T2,52.9,6.0,73.3,42.3,2026-02-15
STU-00143,T3,51.1,6.2,68.9,51.9,2026-05-15
STU-00144,T1,49.4,4.9,85.2,31.3,2025-10-15
STU-00144,T2,30.8,6.3,77.4,68.0,2026-02-15
STU-00144,T3,34.7,5.8,66.3,26.8,2026-05-15
STU-00145,T1,30.3,4.6,79.4,9.7,2025-10-15
STU-00145,T2,47.9,5.8,63.3,30.3,2026-02-15
STU-00145,T3,19.2,7.0,91.5,46.7,2026-05-15
STU-00146,T1,44.4,7.0,77.2,48.9,2025-10-15
STU-00146,T2,51.8,6.3,80.4,52.4,2026-02-15
STU-00146,T3,49.6,6.4,79.1,54.4,2026-05-15
STU-00147,T1,34.6,6.0,85.9,38.1,2025-10-15
STU-00147,T2,39.0,6.2,81.2,40.4,2026-02-15
STU-00147,T3,30.3,6.7,77.7,51.3,2026-05-15
STU-00148,T1,53.7,6.9,76.3,32.2,2025-10-15
STU-00148,T2,41.2,5.1,68.3,73.0,2026-02-15
STU-00148,T3,37.1,3.8,68.8,65.4,2026-05-15
STU-00149,T1,44.2,6.3,73.0,43.4,2025-10-15
STU-00149,T2,19.0,6.2,86.9,56.6,2026-02-15
STU-00149,T3,43.5,7.5,73.6,13.9,2026-05-15
STU-00150,T1,46.1,5.7,80.4,52.9,2025-10-15
STU-00150,T2,57.8,6.3,68.1,38.4,2026-02-15
STU-00150,T3,46.5,6.4,53.9,35.0,2026-05-15
STU-00151,T1,32.7,7.0,79.2,36.3,2025-10-15
STU-00151,T2,61.0,4.7,71.5,52.8,2026-02-15
STU-00151,T3,32.2,6.4,72.6,41.9,2026-05-15
STU-00152,T1,38.3,6.9,67.8,46.8,2025-10-15
STU-00152,T2,52.5,5.0,74.3,37.3,2026-02-15
STU-00152,T3,52.4,6.8,56.5,45.3,2026-05-15
STU-00153,T1,39.8,6.3,78.7,35.3,2025-10-15
STU-00153,T2,45.7,5.2,65.3,54.5,2026-02-15
STU-00153,T3,26.2,6.0,84.8,32.9,2026-05-15
STU-00154,T1,42.2,6.6,71.5,45.8,2025-10-15
STU-00154,T2,53.9,5.5,61.7,57.9,2026-02-15
STU-00154,T3,37.8,6.5,92.7,64.6,2026-05-15
STU-00155,T1,55.4,5.8,74.1,35.6,2025-10-15
STU-00155,T2,52.8,5.8,77.9,57.2,2026-02-15
STU-00155,T3,44.6,6.4,73.2,45.7,2026-05-15
STU-00156,T1,44.1,6.2,64.9,5.0,2025-10-15
STU-00156,T2,37.8,6.2,77.6,23.3,2026-02-15
STU-00156,T3,43.3,5.4,75.3,54.2,2026-05-15
STU-00157,T1,53.3,6.1,75.7,37.4,2025-10-15
STU-00157,T2,70.3,6.1,80.5,23.4,2026-02-15
STU-00157,T3,19.4,5.4,84.7,41.8,2026-05-15
STU-00158,T1,40.0,7.6,74.5,39.7,2025-10-15
STU-00158,T2,48.9,5.2,62.3,57.5,2026-02-15
STU-00158,T3,25.4,6.8,82.6,35.3,2026-05-15
STU-00159,T1,50.8,6.3,56.0,53.5,2025-10-15
STU-00159,T2,47.6,7.2,60.9,38.4,2026-02-15
STU-00159,T3,55.3,6.1,64.1,46.3,2026-05-15
STU-00160,T1,43.5,5.7,72.5,37.0,2025-10-15
STU-00160,T2,53.3,6.4,68.7,66.9,2026-02-15
STU-00160,T3,37.9,5.1,73.8,52.9,2026-05-15
STU-00161,T1,33.6,7.1,82.6,61.4,2025-10-15
STU-00161,T2,53.5,5.2,65.0,57.0,2026-02-15
STU-00161,T3,27.1,6.5,79.5,39.6,2026-05-15
STU-00162,T1,45.4,4.7,76.5,55.1,2025-10-15
STU-00162,T2,43.0,6.7,91.4,54.1,2026-02-15
STU-00162,T3,43.1,5.0,68.2,64.1,2026-05-15
STU-00163,T1,61.0,5.3,67.7,71.6,2025-10-15
STU-00163,T2,60.1,6.0,49.8,57.5,2026-02-15
STU-00163,T3,59.2,5.2,62.9,26.8,2026-05-15
STU-00164,T1,53.0,4.5,50.0,66.8,2025-10-15
STU-00164,T2,43.6,6.1,92.5,41.8,2026-02-15
STU-00164,T3,54.7,7.7,67.9,46.0,2026-05-15
STU-00165,T1,39.8,5.3,81.6,30.3,2025-10-15
STU-00165,T2,42.0,6.0,79.8,61.6,2026-02-15
STU-00165,T3,41.9,7.2,71.2,42.9,2026-05-15
STU-00166,T1,50.9,5.8,73.4,31.0,2025-10-15
STU-00166,T2,36.4,5.8,90.3,61.2,2026-02-15
STU-00166,T3,39.8,6.8,73.7,48.9,2026-05-15
STU-00167,T1,37.6,4.8,62.4,47.8,2025-10-15
STU-00167,T2,40.9,5.7,71.8,37.0,2026-02-15
STU-00167,T3,47.5,7.2,63.7,40.5,2026-05-15
STU-00168,T1,51.5,5.8,82.3,42.2,2025-10-15
STU-00168,T2,44.1,6.6,78.9,38.8,2026-02-15
STU-00168,T3,58.4,6.9,66.9,33.5,2026-05-15
STU-00169,T1,45.9,6.8,69.6,52.3,2025-10-15
STU-00169,T2,25.3,5.8,82.8,44.2,2026-02-15
STU-00169,T3,41.7,6.2,81.6,55.3,2026-05-15
STU-00170,T1,48.9,6.1,73.0,43.3,2025-10-15
STU-00170,T2,52.4,6.4,69.1,29.0,2026-02-15
STU-00170,T3,47.3,7.2,87.3,44.7,2026-05-15
STU-00171,T1,29.1,7.0,55.7,57.5,2025-10-15
STU-00171,T2,43.3,5.7,77.0,27.5,2026-02-15
STU-00171,T3,24.2,5.1,75.4,44.2,2026-05-15
STU-00172,T1,37.6,5.4,70.3,48.8,2025-10-15
STU-00172,T2,54.8,6.8,75.5,36.5,2026-02-15
STU-00172,T3,51.0,4.8,55.6,47.7,2026-05-15
STU-00173,T1,25.9,6.2,75.6,43.0,2025-10-15
STU-00173,T2,54.4,5.6,68.1,50.9,2026-02-15
STU-00173,T3,23.2,6.9,78.2,30.2,2026-05-15
STU-00174,T1,30.7,7.4,74.4,53.9,2025-10-15
STU-00174,T2,47.7,6.3,77.2,17.0,2026-02-15
STU-00174,T3,44.7,4.8,75.7,36.1,2026-05-15
STU-00175,T1,44.6,5.0,61.9,39.7,2025-10-15
STU-00175,T2,36.2,5.8,68.3,24.1,2026-02-15
STU-00175,T3,38.7,7.4,74.8,60.5,2026-05-15
STU-00176,T1,62.5,5.0,60.5,33.0,2025-10-15
STU-00176,T2,54.1,6.3,65.6,44.4,2026-02-15
STU-00176,T3,55.5,5.0,60.3,37.2,2026-05-15
STU-00177,T1,53.1,6.6,71.4,34.0,2025-10-15
STU-00177,T2,42.9,5.4,57.2,61.2,2026-02-15
STU-00177,T3,39.3,5.6,59.6,64.8,2026-05-15
STU-00178,T1,61.7,5.4,69.5,46.2,2025-10-15
STU-00178,T2,41.2,7.3,64.3,52.8,2026-02-15
STU-00178,T3,47.4,6.6,77.7,29.2,2026-05-15
STU-00179,T1,50.6,5.9,63.8,54.3,2025-10-15
STU-00179,T2,40.0,6.1,69.4,19.5,2026-02-15
STU-00179,T3,33.4,6.4,79.6,53.3,2026-05-15
STU-00180,T1,66.0,6.4,79.6,53.0,2025-10-15
STU-00180,T2,68.2,5.6,61.5,63.7,2026-02-15
STU-00180,T3,51.5,6.5,82.3,72.1,2026-05-15
STU-00181,T1,24.8,6.2,79.6,43.0,2025-10-15
STU-00181,T2,50.3,6.3,60.7,46.3,2026-02-15
STU-00181,T3,46.2,6.9,61.1,31.9,2026-05-15
STU-00182,T1,26.1,7.4,80.7,52.7,2025-10-15
STU-00182,T2,49.4,6.8,69.1,59.5,2026-02-15
STU-00182,T3,51.5,7.2,81.0,46.4,2026-05-15
STU-00183,T1,58.3,7.0,76.8,49.6,2025-10-15
STU-00183,T2,42.0,6.4,74.0,27.2,2026-02-15
STU-00183,T3,47.9,5.3,69.1,45.2,2026-05-15
STU-00184,T1,43.6,5.8,60.3,39.1,2025-10-15
STU-00184,T2,41.7,5.4,56.0,30.2,2026-02-15
STU-00184,T3,49.1,5.8,51.7,44.8,2026-05-15
STU-00185,T1,38.5,5.4,78.8,31.5,2025-10-15
STU-00185,T2,64.4,5.2,67.9,53.6,2026-02-15
STU-00185,T3,29.8,7.1,64.5,60.8,2026-05-15
STU-00186,T1,55.4,6.8,78.3,39.4,2025-10-15
STU-00186,T2,56.7,6.5,74.7,62.9,2026-02-15
STU-00186,T3,29.7,6.5,73.6,59.3,2026-05-15
STU-00187,T1,50.3,5.4,70.9,58.4,2025-10-15
STU-00187,T2,56.0,6.9,76.3,23.1,2026-02-15
STU-00187,T3,64.4,4.6,60.8,13.9,2026-05-15
STU-00188,T1,63.0,5.1,70.2,51.4,2025-10-15
STU-00188,T2,46.0,5.7,78.4,30.2,2026-02-15
STU-00188,T3,45.3,5.5,78.4,56.5,2026-05-15
STU-00189,T1,42.2,5.6,63.2,38.5,2025-10-15
STU-00189,T2,59.9,4.7,45.2,53.6,2026-02-15
STU-00189,T3,41.2,5.5,61.8,52.8,2026-05-15
STU-00190,T1,39.6,7.0,81.8,63.1,2025-10-15
STU-00190,T2,27.5,5.9,68.0,11.4,2026-02-15
STU-00190,T3,61.4,6.4,79.4,64.0,2026-05-15
STU-00191,T1,50.7,6.4,73.5,47.6,2025-10-15
STU-00191,T2,61.1,5.2,72.0,53.6,2026-02-15
STU-00191,T3,24.7,6.5,73.1,46.5,2026-05-15
STU-00192,T1,31.9,5.2,73.1,51.0,2025-10-15
STU-00192,T2,31.0,6.2,77.9,49.6,2026-02-15
STU-00192,T3,26.2,7.3,85.6,59.3,2026-05-15
STU-00193,T1,50.3,4.0,57.2,32.7,2025-10-15
STU-00193,T2,44.4,5.5,51.1,44.0,2026-02-15
STU-00193,T3,30.1,6.8,67.1,24.5,2026-05-15
STU-00194,T1,46.5,4.9,68.4,52.2,2025-10-15
STU-00194,T2,26.9,6.1,80.5,46.2,2026-02-15
STU-00194,T3,38.6,5.8,85.0,46.0,2026-05-15
STU-00195,T1,36.5,6.9,88.5,31.9,2025-10-15
STU-00195,T2,47.9,6.5,69.5,25.8,2026-02-15
STU-00195,T3,30.9,7.5,79.6,26.4,2026-05-15
STU-00196,T1,42.4,7.1,71.8,56.6,2025-10-15
STU-00196,T2,39.1,6.6,69.9,24.8,2026-02-15
STU-00196,T3,46.2,6.5,80.5,33.3,2026-05-15
STU-00197,T1,21.0,6.4,73.5,46.2,2025-10-15
STU-00197,T2,53.7,6.3,63.2,47.1,2026-02-15
STU-00197,T3,37.4,5.5,56.1,54.8,2026-05-15
STU-00198,T1,39.2,7.1,76.3,39.1,2025-10-15
STU-00198,T2,32.4,5.4,59.2,55.4,2026-02-15
STU-00198,T3,40.7,6.1,67.4,35.6,2026-05-15
STU-00199,T1,42.3,5.7,71.4,35.7,2025-10-15
STU-00199,T2,63.7,6.6,68.9,48.1,2026-02-15
STU-00199,T3,35.8,6.0,69.9,64.9,2026-05-15
STU-00200,T1,46.9,5.2,76.4,49.2,2025-10-15
STU-00200,T2,35.3,7.1,82.2,61.4,2026-02-15
STU-00200,T3,41.6,5.7,82.0,42.4,2026-05-15
STU-00201,T1,35.1,6.8,79.8,38.1,2025-10-15
STU-00201,T2,31.3,6.1,65.9,36.1,2026-02-15
STU-00201,T3,27.6,6.9,77.7,52.1,2026-05-15
STU-00202,T1,36.6,6.7,80.9,53.9,2025-10-15
STU-00202,T2,51.6,6.8,64.2,25.3,2026-02-15
STU-00202,T3,45.4,5.2,77.9,52.5,2026-05-15
STU-00203,T1,32.5,5.7,75.8,47.4,2025-10-15
STU-00203,T2,43.9,5.4,77.3,63.4,2026-02-15
STU-00203,T3,40.3,6.9,84.9,52.9,2026-05-15
STU-00204,T1,29.3,6.9,79.5,61.1,2025-10-15
STU-00204,T2,55.6,6.3,64.4,32.6,2026-02-15
STU-00204,T3,44.1,7.2,80.6,51.5,2026-05-15
STU-00205,T1,42.2,5.8,71.7,77.7,2025-10-15
STU-00205,T2,34.4,5.2,64.0,28.8,2026-02-15
STU-00205,T3,48.4,6.7,57.6,49.2,2026-05-15
STU-00206,T1,41.5,6.3,70.7,56.5,2025-10-15
STU-00206,T2,44.2,5.8,71.3,44.4,2026-02-15
STU-00206,T3,58.6,6.5,59.5,44.8,2026-05-15
STU-00207,T1,41.7,5.3,62.3,33.3,2025-10-15
STU-00207,T2,62.1,7.8,56.1,17.6,2026-02-15
STU-00207,T3,40.7,6.8,66.7,60.8,2026-05-15
STU-00208,T1,33.0,6.3,73.7,53.3,2025-10-15
STU-00208,T2,36.7,7.3,77.6,26.8,2026-02-15
STU-00208,T3,12.9,7.1,82.5,37.1,2026-05-15
STU-00209,T1,50.9,5.9,73.0,42.0,2025-10-15
STU-00209,T2,45.7,4.6,72.7,50.2,2026-02-15
STU-00209,T3,33.2,6.0,79.6,47.7,2026-05-15
STU-00210,T1,40.9,6.1,75.6,53.7,2025-10-15
STU-00210,T2,42.9,5.2,74.2,54.4,2026-02-15
STU-00210,T3,50.7,7.0,75.2,59.3,2026-05-15
STU-00211,T1,25.7,7.6,77.9,35.8,2025-10-15
STU-00211,T2,49.3,6.1,74.4,33.9,2026-02-15
STU-00211,T3,26.9,6.4,74.1,24.5,2026-05-15
STU-00212,T1,34.8,5.8,68.9,51.9,2025-10-15
STU-00212,T2,33.4,8.4,94.6,32.4,2026-02-15
STU-00212,T3,35.0,5.7,93.0,47.8,2026-05-15
STU-00213,T1,47.9,6.3,64.9,35.5,2025-10-15
STU-00213,T2,26.3,5.9,82.9,55.6,2026-02-15
STU-00213,T3,37.9,6.8,86.6,35.0,2026-05-15
STU-00214,T1,37.9,7.4,88.3,46.0,2025-10-15
STU-00214,T2,44.7,6.4,78.3,40.7,2026-02-15
STU-00214,T3,20.0,6.2,90.9,33.5,2026-05-15
STU-00215,T1,56.5,6.5,73.1,44.7,2025-10-15
STU-00215,T2,65.9,6.3,69.4,52.9,2026-02-15
STU-00215,T3,43.8,6.2,72.9,42.4,2026-05-15
STU-00216,T1,55.5,6.0,81.6,62.4,2025-10-15
STU-00216,T2,38.0,5.9,82.0,69.9,2026-02-15
STU-00216,T3,43.0,6.9,82.9,49.9,2026-05-15
STU-00217,T1,55.6,5.1,69.3,37.1,2025-10-15
STU-00217,T2,34.4,6.7,77.4,54.8,2026-02-15
STU-00217,T3,51.8,6.6,75.6,21.5,2026-05-15
STU-00218,T1,60.4,6.2,66.9,47.2,2025-10-15
STU-00218,T2,64.4,5.4,70.3,41.3,2026-02-15
STU-00218,T3,33.7,4.6,87.5,44.1,2026-05-15
STU-00219,T1,36.0,6.7,92.3,25.9,2025-10-15
STU-00219,T2,54.9,5.5,68.5,30.0,2026-02-15
STU-00219,T3,30.4,6.4,84.6,64.1,2026-05-15
STU-00220,T1,51.4,7.2,63.1,53.1,2025-10-15
STU-00220,T2,31.8,6.8,87.4,40.4,2026-02-15
STU-00220,T3,49.9,4.7,60.0,51.8,2026-05-15
STU-00221,T1,51.3,5.6,66.5,66.9,2025-10-15
STU-00221,T2,59.4,6.1,62.6,46.1,2026-02-15
STU-00221,T3,49.6,6.4,50.9,14.8,2026-05-15
STU-00222,T1,41.8,6.6,79.6,33.1,2025-10-15
STU-00222,T2,65.1,5.3,67.6,40.9,2026-02-15
STU-00222,T3,37.3,6.2,60.8,58.9,2026-05-15
STU-00223,T1,74.8,5.0,65.9,40.9,2025-10-15
STU-00223,T2,44.7,6.2,77.0,57.5,2026-02-15
STU-00223,T3,33.3,5.9,65.8,48.3,2026-05-15
STU-00224,T1,46.7,5.7,66.6,36.3,2025-10-15
STU-00224,T2,62.5,5.9,76.8,45.1,2026-02-15
STU-00224,T3,48.6,7.1,80.1,77.4,2026-05-15
STU-00225,T1,27.5,6.5,77.6,65.8,2025-10-15
STU-00225,T2,43.0,7.2,79.6,32.8,2026-02-15
STU-00225,T3,67.8,4.9,58.9,27.2,2026-05-15
STU-00226,T1,52.4,7.1,68.5,53.0,2025-10-15
STU-00226,T2,46.0,7.9,63.0,41.5,2026-02-15
STU-00226,T3,62.1,6.1,57.5,52.8,2026-05-15
STU-00227,T1,66.3,7.1,45.0,39.6,2025-10-15
STU-00227,T2,62.6,6.6,60.7,55.1,2026-02-15
STU-00227,T3,29.0,5.5,64.3,32.4,2026-05-15
STU-00228,T1,46.9,6.2,68.6,36.6,2025-10-15
STU-00228,T2,41.9,5.1,64.2,29.5,2026-02-15
STU-00228,T3,51.0,5.3,59.9,5.0,2026-05-15
STU-00229,T1,24.8,6.1,85.9,64.6,2025-10-15
STU-00229,T2,45.8,6.3,65.6,39.4,2026-02-15
STU-00229,T3,45.5,6.0,69.0,47.7,2026-05-15
STU-00230,T1,53.1,6.8,63.6,32.0,2025-10-15
STU-00230,T2,54.9,6.5,54.5,33.5,2026-02-15
STU-00230,T3,52.2,4.2,60.5,35.2,2026-05-15
STU-00231,T1,42.3,6.3,63.8,18.6,2025-10-15
STU-00231,T2,31.6,5.8,78.1,45.8,2026-02-15
STU-00231,T3,51.4,5.9,59.6,50.9,2026-05-15
STU-00232,T1,46.9,6.2,76.1,52.1,2025-10-15
STU-00232,T2,49.5,5.8,72.0,46.4,2026-02-15
STU-00232,T3,20.3,6.8,77.7,36.8,2026-05-15
STU-00233,T1,35.4,6.6,78.7,70.7,2025-10-15
STU-00233,T2,42.4,6.0,85.6,40.0,2026-02-15
STU-00233,T3,27.5,7.0,76.5,40.6,2026-05-15
STU-00234,T1,50.7,6.5,71.9,47.5,2025-10-15
STU-00234,T2,49.7,5.6,72.0,39.3,2026-02-15
STU-00234,T3,57.3,6.5,63.7,55.8,2026-05-15
STU-00235,T1,42.0,6.6,67.7,50.5,2025-10-15
STU-00235,T2,51.3,7.8,70.8,26.7,2026-02-15
STU-00235,T3,62.8,5.4,70.3,19.9,2026-05-15
STU-00236,T1,65.8,4.9,62.6,12.8,2025-10-15
STU-00236,T2,61.8,5.2,63.9,48.9,2026-02-15
STU-00236,T3,20.9,6.5,70.6,71.7,2026-05-15
STU-00237,T1,51.2,8.0,75.1,61.4,2025-10-15
STU-00237,T2,66.4,5.6,66.8,56.7,2026-02-15
STU-00237,T3,68.7,6.9,54.8,50.2,2026-05-15
STU-00238,T1,46.0,6.1,57.8,45.5,2025-10-15
STU-00238,T2,42.0,8.2,69.8,59.5,2026-02-15
STU-00238,T3,19.4,7.4,74.6,39.7,2026-05-15
STU-00239,T1,42.8,7.0,59.4,31.5,2025-10-15
STU-00239,T2,31.8,6.7,76.8,29.9,2026-02-15
STU-00239,T3,41.6,5.5,76.3,53.1,2026-05-15
STU-00240,T1,39.7,5.7,71.2,54.2,2025-10-15
STU-00240,T2,47.9,5.5,72.3,38.1,2026-02-15
STU-00240,T3,44.7,6.8,65.4,38.8,2026-05-15
STU-00241,T1,51.8,6.5,56.3,35.5,2025-10-15
STU-00241,T2,38.2,5.4,63.8,48.4,2026-02-15
STU-00241,T3,38.9,5.5,68.8,37.9,2026-05-15
STU-00242,T1,51.8,7.0,73.8,30.5,2025-10-15
STU-00242,T2,46.6,5.6,69.2,46.9,2026-02-15
STU-00242,T3,57.0,6.5,69.3,55.5,2026-05-15
STU-00243,T1,59.3,4.9,58.1,23.9,2025-10-15
STU-00243,T2,35.7,6.0,61.1,51.3,2026-02-15
STU-00243,T3,49.0,7.0,65.3,67.4,2026-05-15
STU-00244,T1,66.5,7.0,61.3,60.5,2025-10-15
STU-00244,T2,37.0,6.5,72.2,59.5,2026-02-15
STU-00244,T3,46.4,7.5,80.2,46.4,2026-05-15
STU-00245,T1,55.0,4.8,75.2,56.0,2025-10-15
STU-00245,T2,42.1,5.5,71.9,33.0,2026-02-15
STU-00245,T3,22.4,6.8,82.5,59.6,2026-05-15
STU-00246,T1,55.6,6.6,66.7,43.1,2025-10-15
STU-00246,T2,54.3,5.9,68.4,9.1,2026-02-15
STU-00246,T3,39.8,6.2,78.4,33.2,2026-05-15
STU-00247,T1,38.3,5.9,61.5,33.8,2025-10-15
STU-00247,T2,33.0,5.4,79.1,60.5,2026-02-15
STU-00247,T3,31.5,5.7,86.5,55.8,2026-05-15
STU-00248,T1,28.6,6.9,72.3,69.3,2025-10-15
STU-00248,T2,57.1,7.1,67.1,31.3,2026-02-15
STU-00248,T3,63.3,5.6,66.2,62.2,2026-05-15
STU-00249,T1,56.4,6.3,66.3,51.9,2025-10-15
STU-00249,T2,53.8,5.2,56.6,28.0,2026-02-15
STU-00249,T3,46.7,3.8,66.3,35.9,2026-05-15
STU-00250,T1,53.8,6.5,57.2,49.2,2025-10-15
STU-00250,T2,58.7,6.1,50.6,52.7,2026-02-15
STU-00250,T3,50.2,5.8,70.5,59.1,2026-05-15
STU-00251,T1,59.4,6.2,63.3,51.4,2025-10-15
STU-00251,T2,54.1,5.8,46.2,40.3,2026-02-15
STU-00251,T3,53.1,5.8,65.8,72.2,2026-05-15
STU-00252,T1,32.5,7.1,76.1,62.8,2025-10-15
STU-00252,T2,54.3,6.8,70.9,37.7,2026-02-15
STU-00252,T3,47.5,6.3,73.3,55.2,2026-05-15
STU-00253,T1,44.1,5.5,69.5,55.8,2025-10-15
STU-00253,T2,51.8,5.5,86.2,59.4,2026-02-15
STU-00253,T3,32.5,5.9,71.3,33.5,2026-05-15
STU-00254,T1,18.4,6.2,83.2,36.3,2025-10-15
STU-00254,T2,47.2,5.7,68.3,85.2,2026-02-15
STU-00254,T3,46.2,5.0,73.1,63.3,2026-05-15
STU-00255,T1,33.3,5.9,71.5,40.4,2025-10-15
STU-00255,T2,44.6,6.1,63.3,53.8,2026-02-15
STU-00255,T3,40.9,5.5,64.8,61.8,2026-05-15
STU-00256,T1,27.4,5.8,82.5,50.3,2025-10-15
STU-00256,T2,45.4,5.8,51.0,45.5,2026-02-15
STU-00256,T3,48.0,5.7,77.6,57.6,2026-05-15
STU-00257,T1,50.0,7.2,72.5,69.8,2025-10-15
STU-00257,T2,59.0,7.1,70.1,34.7,2026-02-15
STU-00257,T3,23.8,5.7,81.5,55.3,2026-05-15
STU-00258,T1,41.1,8.8,65.9,51.6,2025-10-15
STU-00258,T2,40.6,6.4,71.2,58.2,2026-02-15
STU-00258,T3,44.4,5.5,75.4,56.1,2026-05-15
STU-00259,T1,49.9,6.2,72.4,43.3,2025-10-15
STU-00259,T2,39.3,5.7,64.1,16.4,2026-02-15
STU-00259,T3,42.4,7.2,69.9,54.3,2026-05-15
STU-00260,T1,34.1,4.9,65.3,53.2,2025-10-15
STU-00260,T2,38.4,5.5,65.7,39.4,2026-02-15
STU-00260,T3,49.3,5.6,67.9,43.6,2026-05-15
STU-00261,T1,37.0,6.0,71.7,31.1,2025-10-15
STU-00261,T2,53.9,5.6,67.2,54.7,2026-02-15
STU-00261,T3,43.4,5.1,58.4,41.1,2026-05-15
STU-00262,T1,50.9,7.4,58.0,35.9,2025-10-15
STU-00262,T2,56.7,5.1,60.2,22.3,2026-02-15
STU-00262,T3,52.6,6.7,62.5,48.2,2026-05-15
STU-00263,T1,26.4,5.1,65.9,56.5,2025-10-15
STU-00263,T2,52.1,6.3,65.5,33.5,2026-02-15
STU-00263,T3,41.5,6.1,78.1,53.0,2026-05-15
STU-00264,T1,37.9,5.5,65.4,33.4,2025-10-15
STU-00264,T2,66.4,5.7,70.6,49.0,2026-02-15
STU-00264,T3,39.8,4.3,74.2,68.8,2026-05-15
STU-00265,T1,54.3,5.9,80.9,33.7,2025-10-15
STU-00265,T2,55.2,6.1,51.1,50.2,2026-02-15
STU-00265,T3,5.0,8.2,80.7,39.1,2026-05-15
STU-00266,T1,42.8,5.9,69.1,45.7,2025-10-15
STU-00266,T2,36.9,6.6,65.1,27.3,2026-02-15
STU-00266,T3,53.2,7.2,70.1,21.6,2026-05-15
STU-00267,T1,46.5,5.8,68.2,44.5,2025-10-15
STU-00267,T2,44.9,6.9,80.2,26.3,2026-02-15
STU-00267,T3,74.3,5.8,65.5,56.7,2026-05-15
STU-00268,T1,78.1,6.7,62.2,80.1,2025-10-15
STU-00268,T2,47.4,4.8,74.1,36.5,2026-02-15
STU-00268,T3,53.2,4.8,78.3,64.9,2026-05-15
STU-00269,T1,38.2,6.3,55.5,30.0,2025-10-15
STU-00269,T2,53.3,5.1,64.7,54.0,2026-02-15
STU-00269,T3,40.7,6.6,65.6,43.7,2026-05-15
STU-00270,T1,64.7,5.0,59.8,34.0,2025-10-15
STU-00270,T2,54.2,5.5,64.3,17.6,2026-02-15
STU-00270,T3,47.2,5.7,77.9,50.8,2026-05-15
STU-00271,T1,60.4,6.1,76.5,84.7,2025-10-15
STU-00271,T2,58.2,6.0,80.0,34.0,2026-02-15
STU-00271,T3,43.6,6.3,74.4,56.9,2026-05-15
STU-00272,T1,50.1,6.6,85.8,26.2,2025-10-15
STU-00272,T2,67.0,5.7,76.5,48.5,2026-02-15
STU-00272,T3,43.2,6.0,81.2,38.4,2026-05-15
STU-00273,T1,40.0,6.4,72.0,57.7,2025-10-15
STU-00273,T2,42.8,6.1,63.0,40.6,2026-02-15
STU-00273,T3,30.6,7.4,82.0,15.0,2026-05-15
STU-00274,T1,55.5,6.5,60.6,39.9,2025-10-15
STU-00274,T2,59.3,6.7,75.3,29.2,2026-02-15
STU-00274,T3,47.4,4.8,62.0,28.3,2026-05-15
STU-00275,T1,50.2,6.5,76.0,57.9,2025-10-15
STU-00275,T2,54.0,4.0,69.9,40.2,2026-02-15
STU-00275,T3,40.3,5.5,66.7,33.9,2026-05-15
STU-00276,T1,51.7,6.6,75.3,23.0,2025-10-15
STU-00276,T2,38.9,6.7,67.5,44.2,2026-02-15
STU-00276,T3,50.8,4.9,65.1,34.0,2026-05-15
STU-00277,T1,33.5,7.3,85.5,52.0,2025-10-15
STU-00277,T2,64.9,6.6,59.2,69.0,2026-02-15
STU-00277,T3,46.2,6.4,65.2,44.1,2026-05-15
STU-00278,T1,23.0,5.3,89.7,36.5,2025-10-15
STU-00278,T2,54.3,6.0,71.0,39.5,2026-02-15
STU-00278,T3,49.0,6.0,77.0,47.5,2026-05-15
STU-00279,T1,36.7,7.1,76.9,47.4,2025-10-15
STU-00279,T2,38.3,5.3,57.0,22.3,2026-02-15
STU-00279,T3,51.1,7.0,72.1,50.4,2026-05-15
STU-00280,T1,59.4,5.5,56.2,45.2,2025-10-15
STU-00280,T2,59.5,5.1,61.4,58.1,2026-02-15
STU-00280,T3,57.9,5.1,73.6,25.9,2026-05-15
STU-00281,T1,23.6,5.9,72.9,51.4,2025-10-15
STU-00281,T2,45.6,6.6,61.7,58.2,2026-02-15
STU-00281,T3,53.8,6.1,62.0,46.9,2026-05-15
STU-00282,T1,20.3,5.9,82.8,31.6,2025-10-15
STU-00282,T2,47.3,5.3,60.0,34.1,2026-02-15
STU-00282,T3,62.8,4.9,70.3,45.0,2026-05-15
STU-00283,T1,42.9,6.7,85.3,48.5,2025-10-15
STU-00283,T2,37.3,6.3,68.2,31.9,2026-02-15
STU-00283,T3,44.6,5.7,62.9,49.6,2026-05-15
STU-00284,T1,44.7,6.1,66.3,34.9,2025-10-15
STU-00284,T2,38.4,7.1,85.7,52.3,2026-02-15
STU-00284,T3,65.8,6.0,63.7,61.5,2026-05-15
STU-00285,T1,29.9,4.5,72.7,43.2,2025-10-15
STU-00285,T2,58.5,4.9,70.6,48.7,2026-02-15
STU-00285,T3,27.3,6.5,75.4,65.3,2026-05-15
STU-00286,T1,60.3,4.9,67.2,21.8,2025-10-15
STU-00286,T2,61.2,5.5,56.9,27.6,2026-02-15
STU-00286,T3,59.1,5.2,66.7,34.3,2026-05-15
STU-00287,T1,35.5,5.5,77.9,62.2,2025-10-15
STU-00287,T2,25.8,6.8,65.7,34.5,2026-02-15
STU-00287,T3,27.8,6.7,75.3,62.3,2026-05-15
STU-00288,T1,37.7,6.7,59.1,37.0,2025-10-15
STU-00288,T2,72.9,5.8,59.6,27.3,2026-02-15
STU-00288,T3,44.6,4.9,56.7,67.5,2026-05-15
STU-00289,T1,43.9,6.7,77.2,49.6,2025-10-15
STU-00289,T2,57.9,5.7,61.7,50.5,2026-02-15
STU-00289,T3,51.5,6.8,66.4,75.1,2026-05-15
STU-00290,T1,27.5,6.1,87.3,57.2,2025-10-15
STU-00290,T2,46.2,6.5,82.0,49.1,2026-02-15
STU-00290,T3,37.6,5.9,67.5,38.5,2026-05-15
STU-00291,T1,40.1,5.7,70.2,83.3,2025-10-15
STU-00291,T2,38.8,6.5,74.9,41.5,2026-02-15
STU-00291,T3,68.4,6.2,70.5,44.2,2026-05-15
STU-00292,T1,38.6,6.8,72.6,63.7,2025-10-15
STU-00292,T2,59.0,4.9,51.8,51.0,2026-02-15
STU-00292,T3,39.7,6.0,70.6,46.9,2026-05-15
STU-00293,T1,54.7,6.1,82.6,53.9,2025-10-15
STU-00293,T2,50.2,7.3,71.5,38.6,2026-02-15
STU-00293,T3,33.7,5.1,80.2,37.3,2026-05-15
STU-00294,T1,41.5,5.5,76.8,39.3,2025-10-15
STU-00294,T2,34.5,5.7,80.2,34.9,2026-02-15
STU-00294,T3,54.1,5.3,64.0,36.7,2026-05-15
STU-00295,T1,51.3,5.5,57.4,35.6,2025-10-15
STU-00295,T2,55.0,5.5,72.3,36.4,2026-02-15
STU-00295,T3,45.7,5.5,71.5,31.2,2026-05-15
STU-00296,T1,48.3,6.0,53.3,56.8,2025-10-15
STU-00296,T2,68.4,6.4,57.6,65.1,2026-02-15
STU-00296,T3,25.5,7.4,84.3,49.0,2026-05-15
STU-00297,T1,47.5,6.5,68.6,43.6,2025-10-15
STU-00297,T2,54.4,6.3,65.7,39.8,2026-02-15
STU-00297,T3,50.8,4.4,68.2,58.0,2026-05-15
STU-00298,T1,45.3,7.5,83.8,62.9,2025-10-15
STU-00298,T2,53.5,5.8,64.4,63.7,2026-02-15
STU-00298,T3,45.9,5.6,60.0,52.9,2026-05-15
STU-00299,T1,15.7,7.2,79.5,64.1,2025-10-15
STU-00299,T2,43.4,5.1,79.4,44.3,2026-02-15
STU-00299,T3,45.0,5.3,73.6,51.6,2026-05-15
STU-00300,T1,19.5,6.4,79.7,26.1,2025-10-15
STU-00300,T2,48.2,5.5,71.0,34.0,2026-02-15
STU-00300,T3,62.8,6.3,69.9,41.3,2026-05-15
STU-00301,T1,46.2,5.4,64.5,40.5,2025-10-15
STU-00301,T2,64.6,6.7,80.7,59.8,2026-02-15
STU-00301,T3,42.9,8.0,68.5,54.3,2026-05-15
STU-00302,T1,42.5,6.5,90.0,31.9,2025-10-15
STU-00302,T2,42.7,6.0,65.0,36.7,2026-02-15
STU-00302,T3,44.2,5.7,72.8,42.3,2026-05-15
STU-00303,T1,30.2,6.1,90.6,51.9,2025-10-15
STU-00303,T2,35.3,6.8,83.6,51.6,2026-02-15
STU-00303,T3,27.3,6.4,75.6,47.7,2026-05-15
STU-00304,T1,38.3,7.4,79.6,17.8,2025-10-15
STU-00304,T2,39.7,5.8,65.6,51.9,2026-02-15
STU-00304,T3,30.4,6.7,80.6,50.7,2026-05-15
STU-00305,T1,56.2,6.2,60.7,60.9,2025-10-15
STU-00305,T2,52.3,5.7,61.3,34.2,2026-02-15
STU-00305,T3,35.4,5.0,72.1,32.1,2026-05-15
STU-00306,T1,48.3,7.0,67.0,42.1,2025-10-15
STU-00306,T2,51.2,4.9,63.9,68.8,2026-02-15
STU-00306,T3,54.1,6.2,48.5,53.2,2026-05-15
STU-00307,T1,47.3,7.5,75.5,40.0,2025-10-15
STU-00307,T2,43.0,6.0,70.3,59.0,2026-02-15
STU-00307,T3,29.7,6.0,79.5,37.3,2026-05-15
STU-00308,T1,33.9,6.9,67.9,54.7,2025-10-15
STU-00308,T2,74.5,5.5,53.4,35.0,2026-02-15
STU-00308,T3,54.9,6.1,62.0,47.8,2026-05-15
STU-00309,T1,21.0,6.3,91.3,37.2,2025-10-15
STU-00309,T2,57.0,5.5,57.3,33.0,2026-02-15
STU-00309,T3,45.3,4.4,60.2,55.2,2026-05-15
STU-00310,T1,32.2,6.5,67.7,41.1,2025-10-15
STU-00310,T2,56.9,6.8,60.6,61.4,2026-02-15
STU-00310,T3,39.3,6.9,68.5,65.5,2026-05-15
STU-00311,T1,34.7,6.0,67.3,51.4,2025-10-15
STU-00311,T2,44.1,5.6,75.1,58.1,2026-02-15
STU-00311,T3,38.3,6.3,69.8,52.5,2026-05-15
STU-00312,T1,73.4,4.6,66.5,51.1,2025-10-15
STU-00312,T2,27.9,5.7,71.9,34.1,2026-02-15
STU-00312,T3,45.9,6.4,69.2,32.9,2026-05-15
STU-00313,T1,41.7,6.3,73.6,37.7,2025-10-15
STU-00313,T2,60.6,7.1,82.0,33.2,2026-02-15
STU-00313,T3,45.3,7.1,74.4,34.6,2026-05-15
STU-00314,T1,46.5,7.2,65.0,34.2,2025-10-15
STU-00314,T2,56.9,6.0,57.2,24.9,2026-02-15
STU-00314,T3,46.5,6.4,80.9,58.9,2026-05-15
STU-00315,T1,58.3,5.4,74.1,37.2,2025-10-15
STU-00315,T2,58.9,5.5,67.8,53.5,2026-02-15
STU-00315,T3,55.0,6.4,70.3,60.9,2026-05-15
STU-00316,T1,24.4,6.2,73.8,34.5,2025-10-15
STU-00316,T2,44.3,5.5,81.7,56.8,2026-02-15
STU-00316,T3,25.1,5.1,71.9,46.5,2026-05-15
STU-00317,T1,51.0,6.0,67.4,47.9,2025-10-15
STU-00317,T2,46.6,7.4,67.0,43.7,2026-02-15
STU-00317,T3,54.7,6.5,69.3,61.7,2026-05-15
STU-00318,T1,60.9,4.5,61.4,45.7,2025-10-15
STU-00318,T2,41.2,5.9,61.2,49.8,2026-02-15
STU-00318,T3,47.2,6.4,78.2,39.6,2026-05-15
STU-00319,T1,34.3,5.8,81.4,51.2,2025-10-15
STU-00319,T2,55.2,5.0,69.9,34.2,2026-02-15
STU-00319,T3,16.7,5.9,86.3,38.2,2026-05-15
STU-00320,T1,69.5,5.0,68.8,44.8,2025-10-15
STU-00320,T2,36.4,5.3,79.4,56.4,2026-02-15
STU-00320,T3,25.9,6.1,87.3,53.8,2026-05-15
STU-00321,T1,55.4,7.3,72.0,21.9,2025-10-15
STU-00321,T2,65.6,6.0,64.2,40.4,2026-02-15
STU-00321,T3,37.9,6.0,68.9,25.4,2026-05-15
STU-00322,T1,56.9,6.1,72.7,62.1,2025-10-15
STU-00322,T2,50.0,7.1,76.2,52.9,2026-02-15
STU-00322,T3,28.5,7.3,77.9,48.5,2026-05-15
STU-00323,T1,39.5,6.9,75.8,41.7,2025-10-15
STU-00323,T2,46.8,7.0,66.0,42.4,2026-02-15
STU-00323,T3,51.2,6.3,58.6,37.9,2026-05-15
STU-00324,T1,49.9,6.8,77.4,32.9,2025-10-15
STU-00324,T2,43.2,6.4,77.0,84.7,2026-02-15
STU-00324,T3,26.6,6.1,84.4,47.3,2026-05-15
STU-00325,T1,73.7,5.6,58.9,47.5,2025-10-15
STU-00325,T2,33.0,6.6,77.3,53.1,2026-02-15
STU-00325,T3,53.6,7.2,71.9,37.3,2026-05-15
STU-00326,T1,39.9,6.7,83.0,37.6,2025-10-15
STU-00326,T2,57.5,4.8,69.6,45.3,2026-02-15
STU-00326,T3,37.1,6.9,69.9,47.7,2026-05-15
STU-00327,T1,32.1,6.6,58.9,59.2,2025-10-15
STU-00327,T2,40.0,5.1,57.9,46.5,2026-02-15
STU-00327,T3,28.1,5.6,67.5,66.8,2026-05-15
STU-00328,T1,39.0,6.5,53.6,39.5,2025-10-15
STU-00328,T2,68.3,5.6,72.4,57.5,2026-02-15
STU-00328,T3,40.6,6.8,64.3,43.4,2026-05-15
STU-00329,T1,55.3,6.2,79.7,59.9,2025-10-15
STU-00329,T2,50.3,4.5,69.5,66.6,2026-02-15
STU-00329,T3,47.7,5.6,66.4,51.0,2026-05-15
STU-00330,T1,47.9,7.2,83.8,40.2,2025-10-15
STU-00330,T2,42.7,5.7,61.3,52.0,2026-02-15
STU-00330,T3,52.8,6.9,78.4,10.0,2026-05-15
STU-00331,T1,43.0,5.9,68.4,23.7,2025-10-15
STU-00331,T2,49.1,7.5,73.0,28.7,2026-02-15
STU-00331,T3,46.6,5.6,68.4,54.7,2026-05-15
STU-00332,T1,35.7,5.9,66.4,60.4,2025-10-15
STU-00332,T2,24.5,6.4,62.5,29.8,2026-02-15
STU-00332,T3,49.9,7.2,69.7,65.7,2026-05-15
STU-00333,T1,49.5,6.7,73.5,56.5,2025-10-15
STU-00333,T2,55.8,6.6,67.1,35.7,2026-02-15
STU-00333,T3,34.7,6.7,84.7,38.3,2026-05-15
STU-00334,T1,41.7,5.5,61.0,34.1,2025-10-15
STU-00334,T2,55.6,6.1,61.9,46.2,2026-02-15
STU-00334,T3,58.8,5.8,56.9,43.4,2026-05-15
STU-00335,T1,27.1,6.4,57.4,24.8,2025-10-15
STU-00335,T2,59.3,6.1,56.7,42.2,2026-02-15
STU-00335,T3,33.4,5.9,60.7,44.4,2026-05-15
STU-00336,T1,35.1,6.0,77.5,53.8,2025-10-15
STU-00336,T2,48.3,6.7,68.9,31.5,2026-02-15
STU-00336,T3,46.2,6.9,68.5,37.5,2026-05-15
STU-00337,T1,42.4,5.4,71.9,52.6,2025-10-15
STU-00337,T2,50.7,6.3,63.8,59.9,2026-02-15
STU-00337,T3,39.4,6.3,78.6,54.6,2026-05-15
STU-00338,T1,46.8,5.1,66.7,55.1,2025-10-15
STU-00338,T2,40.3,6.7,78.8,22.3,2026-02-15
STU-00338,T3,47.9,7.0,78.4,67.6,2026-05-15
STU-00339,T1,80.9,5.4,56.5,43.2,2025-10-15
STU-00339,T2,36.9,6.7,75.9,47.1,2026-02-15
STU-00339,T3,30.9,6.5,82.4,50.9,2026-05-15
STU-00340,T1,13.0,7.3,78.9,62.4,2025-10-15
STU-00340,T2,45.2,5.9,83.1,41.8,2026-02-15
STU-00340,T3,32.1,5.9,66.4,44.2,2026-05-15
STU-00341,T1,44.1,6.8,65.1,40.2,2025-10-15
STU-00341,T2,58.3,5.9,71.3,40.0,2026-02-15
STU-00341,T3,41.1,6.1,85.4,48.1,2026-05-15
STU-00342,T1,51.6,6.0,84.6,29.2,2025-10-15
STU-00342,T2,53.6,6.5,83.7,50.6,2026-02-15
STU-00342,T3,43.5,4.9,76.9,43.4,2026-05-15
STU-00343,T1,50.2,5.2,83.2,17.5,2025-10-15
STU-00343,T2,29.9,6.7,81.0,54.2,2026-02-15
STU-00343,T3,20.2,7.2,86.9,55.2,2026-05-15
STU-00344,T1,54.1,6.5,58.9,34.6,2025-10-15
STU-00344,T2,41.8,6.3,63.9,34.5,2026-02-15
STU-00344,T3,55.6,5.8,70.5,38.9,2026-05-15
STU-00345,T1,30.5,5.7,83.2,56.8,2025-10-15
STU-00345,T2,49.9,4.9,76.1,60.8,2026-02-15
STU-00345,T3,63.5,6.2,62.5,31.0,2026-05-15
STU-00346,T1,48.1,6.9,67.5,56.0,2025-10-15
STU-00346,T2,43.4,9.4,82.2,41.7,2026-02-15
STU-00346,T3,51.3,7.0,84.4,42.6,2026-05-15
STU-00347,T1,61.5,6.6,64.3,46.1,2025-10-15
STU-00347,T2,65.6,7.7,75.9,43.9,2026-02-15
STU-00347,T3,53.6,4.9,73.2,38.1,2026-05-15
STU-00348,T1,54.8,5.5,55.0,28.0,2025-10-15
STU-00348,T2,54.5,5.6,71.4,59.1,2026-02-15
STU-00348,T3,42.5,5.8,72.6,38.4,2026-05-15
STU-00349,T1,41.5,7.2,85.2,42.0,2025-10-15
STU-00349,T2,37.6,6.2,77.1,46.2,2026-02-15
STU-00349,T3,45.4,6.9,68.5,43.6,2026-05-15
STU-00350,T1,45.0,5.4,51.7,70.0,2025-10-15
STU-00350,T2,54.1,5.9,56.7,62.0,2026-02-15
STU-00350,T3,52.4,5.3,54.4,55.0,2026-05-15
STU-00351,T1,45.3,6.4,67.0,51.9,2025-10-15
STU-00351,T2,39.7,5.9,60.6,45.7,2026-02-15
STU-00351,T3,45.5,5.8,69.1,54.7,2026-05-15
STU-00352,T1,48.5,6.6,57.8,28.4,2025-10-15
STU-00352,T2,53.3,7.3,79.6,62.9,2026-02-15
STU-00352,T3,38.5,7.8,77.3,45.0,2026-05-15
STU-00353,T1,51.4,5.4,63.9,37.8,2025-10-15
STU-00353,T2,65.7,6.2,54.5,54.4,2026-02-15
STU-00353,T3,26.1,7.8,87.3,31.0,2026-05-15
STU-00354,T1,43.7,4.9,53.7,36.8,2025-10-15
STU-00354,T2,63.8,6.1,67.2,60.4,2026-02-15
STU-00354,T3,51.3,6.9,65.9,28.0,2026-05-15
STU-00355,T1,38.0,5.7,77.1,39.3,2025-10-15
STU-00355,T2,39.4,6.7,65.7,46.5,2026-02-15
STU-00355,T3,50.5,5.3,62.0,56.1,2026-05-15
STU-00356,T1,33.0,5.1,78.7,24.5,2025-10-15
STU-00356,T2,51.1,5.1,72.0,46.5,2026-02-15
STU-00356,T3,45.9,5.7,76.3,44.4,2026-05-15
STU-00357,T1,76.1,5.0,55.9,43.5,2025-10-15
STU-00357,T2,36.9,6.7,77.9,54.9,2026-02-15
STU-00357,T3,36.1,5.3,71.5,51.4,2026-05-15
STU-00358,T1,46.6,5.9,59.1,38.4,2025-10-15
STU-00358,T2,59.9,6.2,53.4,39.4,2026-02-15
STU-00358,T3,43.1,8.0,70.7,62.2,2026-05-15
STU-00359,T1,31.8,7.0,80.3,58.3,2025-10-15
STU-00359,T2,35.8,5.7,69.3,39.9,2026-02-15
STU-00359,T3,38.5,4.7,66.6,34.1,2026-05-15
STU-00360,T1,58.0,6.2,75.3,61.1,2025-10-15
STU-00360,T2,51.0,7.1,79.5,30.7,2026-02-15
STU-00360,T3,33.6,6.0,73.9,53.2,2026-05-15
STU-00361,T1,24.9,6.7,65.0,58.0,2025-10-15
STU-00361,T2,37.7,6.0,72.0,69.4,2026-02-15
STU-00361,T3,42.7,7.0,61.6,40.6,2026-05-15
STU-00362,T1,59.1,3.9,60.0,47.2,2025-10-15
STU-00362,T2,37.3,5.6,76.1,30.8,2026-02-15
STU-00362,T3,41.5,6.9,51.0,41.6,2026-05-15
STU-00363,T1,72.4,5.3,57.9,39.9,2025-10-15
STU-00363,T2,42.4,7.3,72.0,51.6,2026-02-15
STU-00363,T3,54.1,6.2,76.4,27.1,2026-05-15
STU-00364,T1,69.2,6.7,59.4,44.4,2025-10-15
STU-00364,T2,44.5,5.9,73.0,47.0,2026-02-15
STU-00364,T3,35.8,6.5,81.0,37.9,2026-05-15
STU-00365,T1,41.3,5.7,68.7,39.8,2025-10-15
STU-00365,T2,68.6,5.7,60.5,40.2,2026-02-15
STU-00365,T3,37.7,7.4,72.7,41.6,2026-05-15
STU-00366,T1,24.3,7.0,92.2,32.9,2025-10-15
STU-00366,T2,40.4,7.0,90.7,41.3,2026-02-15
STU-00366,T3,26.6,7.0,89.1,43.8,2026-05-15
STU-00367,T1,39.2,6.4,58.5,60.9,2025-10-15
STU-00367,T2,34.7,5.9,60.7,48.2,2026-02-15
STU-00367,T3,60.5,5.6,55.3,67.1,2026-05-15
STU-00368,T1,37.3,7.4,83.6,48.0,2025-10-15
STU-00368,T2,52.6,5.7,72.5,47.6,2026-02-15
STU-00368,T3,48.2,4.7,71.9,48.4,2026-05-15
STU-00369,T1,40.5,7.2,74.2,57.4,2025-10-15
STU-00369,T2,62.2,4.9,71.1,59.2,2026-02-15
STU-00369,T3,33.6,5.6,74.7,43.3,2026-05-15
STU-00370,T1,29.1,6.4,83.4,41.4,2025-10-15
STU-00370,T2,47.4,5.3,60.3,48.0,2026-02-15
STU-00370,T3,55.1,4.9,70.7,41.5,2026-05-15
STU-00371,T1,28.6,7.5,89.8,37.6,2025-10-15
STU-00371,T2,37.4,6.8,79.3,45.9,2026-02-15
STU-00371,T3,52.3,5.6,72.9,40.7,2026-05-15
STU-00372,T1,29.4,5.6,81.3,46.5,2025-10-15
STU-00372,T2,46.1,6.3,76.6,54.4,2026-02-15
STU-00372,T3,44.5,4.6,70.3,56.8,2026-05-15
STU-00373,T1,42.4,7.1,67.9,47.9,2025-10-15
STU-00373,T2,50.6,5.9,76.5,57.0,2026-02-15
STU-00373,T3,48.4,5.1,58.4,24.4,2026-05-15
STU-00374,T1,56.6,5.9,57.9,60.0,2025-10-15
STU-00374,T2,45.6,7.2,79.4,55.5,2026-02-15
STU-00374,T3,47.9,5.6,77.3,40.6,2026-05-15
STU-00375,T1,13.8,6.8,79.0,28.0,2025-10-15
STU-00375,T2,59.3,4.9,57.0,41.6,2026-02-15
STU-00375,T3,29.3,5.9,72.9,37.6,2026-05-15
STU-00376,T1,36.3,5.1,70.1,53.3,2025-10-15
STU-00376,T2,55.8,7.1,59.4,28.9,2026-02-15
STU-00376,T3,64.0,3.9,71.2,42.6,2026-05-15
STU-00377,T1,37.0,7.7,70.1,49.1,2025-10-15
STU-00377,T2,38.3,6.1,74.2,62.9,2026-02-15
STU-00377,T3,39.2,5.6,57.7,68.8,2026-05-15
STU-00378,T1,52.3,6.6,65.6,33.4,2025-10-15
STU-00378,T2,39.3,6.0,53.2,42.0,2026-02-15
STU-00378,T3,48.4,6.2,64.4,18.6,2026-05-15
STU-00379,T1,39.6,6.9,76.5,43.9,2025-10-15
STU-00379,T2,37.9,6.9,77.3,30.0,2026-02-15
STU-00379,T3,48.8,6.9,75.6,28.6,2026-05-15
STU-00380,T1,50.5,6.7,68.0,25.5,2025-10-15
STU-00380,T2,52.5,6.0,63.8,37.8,2026-02-15
STU-00380,T3,42.1,7.4,83.0,49.3,2026-05-15
STU-00381,T1,42.4,5.0,71.5,42.6,2025-10-15
STU-00381,T2,66.5,7.0,64.0,40.4,2026-02-15
STU-00381,T3,46.2,6.2,71.5,39.3,2026-05-15
STU-00382,T1,53.2,6.2,59.7,46.7,2025-10-15
STU-00382,T2,41.5,7.3,75.4,32.5,2026-02-15
STU-00382,T3,19.9,7.6,87.2,30.5,2026-05-15
STU-00383,T1,23.4,7.8,89.9,59.7,2025-10-15
STU-00383,T2,41.3,6.7,81.4,48.8,2026-02-15
STU-00383,T3,38.5,7.3,87.1,55.3,2026-05-15
STU-00384,T1,42.3,4.8,77.7,24.4,2025-10-15
STU-00384,T2,45.9,5.8,79.6,40.5,2026-02-15
STU-00384,T3,46.1,6.9,73.1,65.6,2026-05-15
STU-00385,T1,27.3,7.2,74.7,20.8,2025-10-15
STU-00385,T2,56.5,5.7,60.8,67.3,2026-02-15
STU-00385,T3,23.3,5.6,76.9,43.0,2026-05-15
STU-00386,T1,49.6,5.5,57.6,52.2,2025-10-15
STU-00386,T2,39.8,6.5,78.8,51.1,2026-02-15
STU-00386,T3,39.7,6.8,70.0,24.3,2026-05-15
STU-00387,T1,56.0,7.4,75.5,18.8,2025-10-15
STU-00387,T2,40.9,6.3,83.0,39.7,2026-02-15
STU-00387,T3,37.4,4.6,81.2,55.9,2026-05-15
STU-00388,T1,62.2,5.6,57.7,50.0,2025-10-15
STU-00388,T2,76.4,6.9,50.2,49.6,2026-02-15
STU-00388,T3,44.1,6.9,66.7,41.4,2026-05-15
STU-00389,T1,47.0,6.3,84.9,53.0,2025-10-15
STU-00389,T2,60.6,5.3,54.1,26.9,2026-02-15
STU-00389,T3,51.4,6.2,74.0,57.2,2026-05-15
STU-00390,T1,36.3,7.1,79.1,41.4,2025-10-15
STU-00390,T2,57.9,6.1,67.3,32.0,2026-02-15
STU-00390,T3,64.4,6.5,77.8,30.6,2026-05-15
STU-00391,T1,48.9,5.1,62.8,34.2,2025-10-15
STU-00391,T2,65.3,6.7,71.4,53.8,2026-02-15
STU-00391,T3,58.1,5.9,52.7,47.1,2026-05-15
STU-00392,T1,51.8,7.2,59.0,47.5,2025-10-15
STU-00392,T2,48.6,6.2,67.9,59.2,2026-02-15
STU-00392,T3,55.8,6.1,48.7,46.7,2026-05-15
STU-00393,T1,41.8,5.2,69.3,41.5,2025-10-15
STU-00393,T2,42.1,6.6,59.5,7.2,2026-02-15
STU-00393,T3,36.2,7.3,79.3,60.0,2026-05-15
STU-00394,T1,54.6,6.2,72.5,57.7,2025-10-15
STU-00394,T2,42.1,6.8,67.2,42.7,2026-02-15
STU-00394,T3,40.4,6.9,66.4,53.8,2026-05-15
STU-00395,T1,53.3,7.4,69.8,36.4,2025-10-15
STU-00395,T2,60.6,6.8,78.7,64.3,2026-02-15
STU-00395,T3,47.1,6.2,82.6,50.3,2026-05-15
STU-00396,T1,37.9,5.5,70.3,32.7,2025-10-15
STU-00396,T2,52.0,5.4,66.2,59.7,2026-02-15
STU-00396,T3,52.4,7.1,72.4,49.9,2026-05-15
STU-00397,T1,32.8,5.8,81.7,66.1,2025-10-15
STU-00397,T2,37.7,6.0,73.5,57.5,2026-02-15
STU-00397,T3,32.3,6.1,68.5,49.8,2026-05-15
STU-00398,T1,30.4,5.3,69.4,35.1,2025-10-15
STU-00398,T2,53.4,6.6,65.1,30.8,2026-02-15
STU-00398,T3,34.4,5.3,65.7,41.5,2026-05-15
STU-00399,T1,28.8,6.3,82.5,41.5,2025-10-15
STU-00399,T2,60.8,6.7,72.2,51.4,2026-02-15
STU-00399,T3,43.7,6.5,77.5,71.3,2026-05-15
STU-00400,T1,56.3,5.4,60.7,31.8,2025-10-15
STU-00400,T2,43.7,6.2,77.5,32.4,2026-02-15
STU-00400,T3,66.8,6.5,55.6,59.5,2026-05-15
STU-00401,T1,40.6,6.8,51.1,60.5,2025-10-15
STU-00401,T2,51.5,6.3,65.4,51.0,2026-02-15
STU-00401,T3,39.3,6.6,66.1,28.1,2026-05-15
STU-00402,T1,30.8,5.9,74.7,5.4,2025-10-15
STU-00402,T2,26.6,6.5,62.1,53.1,2026-02-15
STU-00402,T3,40.5,6.1,86.2,65.8,2026-05-15
STU-00403,T1,73.3,6.2,72.7,39.5,2025-10-15
STU-00403,T2,47.4,5.4,72.3,30.7,2026-02-15
STU-00403,T3,28.6,8.5,68.6,30.5,2026-05-15
STU-00404,T1,45.0,6.4,59.3,57.6,2025-10-15
STU-00404,T2,36.0,6.4,80.7,39.6,2026-02-15
STU-00404,T3,44.3,5.5,69.5,26.7,2026-05-15
STU-00405,T1,38.4,6.7,77.0,63.7,2025-10-15
STU-00405,T2,49.6,6.0,65.9,56.5,2026-02-15
STU-00405,T3,50.6,5.9,70.1,49.9,2026-05-15
STU-00406,T1,36.3,7.0,80.5,51.5,2025-10-15
STU-00406,T2,36.6,7.1,73.2,35.2,2026-02-15
STU-00406,T3,60.3,5.7,57.2,55.8,2026-05-15
STU-00407,T1,38.7,7.5,85.6,41.5,2025-10-15
STU-00407,T2,37.6,6.3,83.9,39.2,2026-02-15
STU-00407,T3,52.2,6.8,68.7,56.7,2026-05-15
STU-00408,T1,35.2,5.6,69.9,64.2,2025-10-15
STU-00408,T2,37.1,6.1,79.1,37.3,2026-02-15
STU-00408,T3,37.7,5.4,74.8,34.8,2026-05-15
STU-00409,T1,34.3,5.6,66.9,52.3,2025-10-15
STU-00409,T2,53.1,6.7,64.7,46.4,2026-02-15
STU-00409,T3,31.7,6.7,68.8,27.9,2026-05-15
STU-00410,T1,41.2,8.1,66.6,48.9,2025-10-15
STU-00410,T2,46.0,5.4,68.4,32.5,2026-02-15
STU-00410,T3,38.4,5.0,61.1,45.2,2026-05-15
STU-00411,T1,61.3,6.3,77.5,60.4,2025-10-15
STU-00411,T2,44.6,5.2,73.6,48.5,2026-02-15
STU-00411,T3,34.0,6.5,75.9,46.3,2026-05-15
STU-00412,T1,53.2,6.3,55.1,62.3,2025-10-15
STU-00412,T2,43.1,6.6,66.1,50.7,2026-02-15
STU-00412,T3,32.7,6.0,68.4,51.7,2026-05-15
STU-00413,T1,62.0,4.6,64.1,43.2,2025-10-15
STU-00413,T2,44.8,6.1,65.4,45.8,2026-02-15
STU-00413,T3,45.9,6.8,66.3,41.9,2026-05-15
STU-00414,T1,33.0,6.8,85.0,26.6,2025-10-15
STU-00414,T2,73.7,6.3,59.3,44.7,2026-02-15
STU-00414,T3,58.6,6.1,61.4,29.5,2026-05-15
STU-00415,T1,42.6,5.7,66.3,11.3,2025-10-15
STU-00415,T2,49.2,6.4,63.2,23.8,2026-02-15
STU-00415,T3,23.2,6.0,63.8,42.3,2026-05-15
STU-00416,T1,45.4,5.7,56.2,46.7,2025-10-15
STU-00416,T2,48.9,7.0,70.3,49.2,2026-02-15
STU-00416,T3,40.2,5.5,55.4,40.1,2026-05-15
STU-00417,T1,58.3,6.5,70.2,43.3,2025-10-15
STU-00417,T2,54.8,4.9,66.1,38.5,2026-02-15
STU-00417,T3,52.8,4.9,70.7,44.5,2026-05-15
STU-00418,T1,54.1,6.7,72.5,53.1,2025-10-15
STU-00418,T2,42.8,6.8,72.2,42.6,2026-02-15
STU-00418,T3,31.4,6.0,71.2,63.8,2026-05-15
STU-00419,T1,34.7,5.6,71.0,45.0,2025-10-15
STU-00419,T2,51.6,6.7,66.6,30.6,2026-02-15
STU-00419,T3,51.5,5.9,77.1,60.2,2026-05-15
STU-00420,T1,62.0,5.5,73.3,51.5,2025-10-15
STU-00420,T2,36.8,6.3,69.0,26.2,2026-02-15
STU-00420,T3,56.9,6.1,60.2,45.7,2026-05-15
STU-00421,T1,42.7,6.6,68.3,50.3,2025-10-15
STU-00421,T2,62.8,5.8,68.4,55.3,2026-02-15
STU-00421,T3,57.7,6.5,62.2,49.7,2026-05-15
STU-00422,T1,40.3,6.3,81.2,70.0,2025-10-15
STU-00422,T2,51.9,5.8,66.5,56.7,2026-02-15
STU-00422,T3,55.0,5.3,64.7,8.7,2026-05-15
STU-00423,T1,35.0,5.9,68.2,61.6,2025-10-15
STU-00423,T2,36.4,6.2,68.4,42.0,2026-02-15
STU-00423,T3,44.9,4.7,69.4,69.5,2026-05-15
STU-00424,T1,44.4,6.7,65.7,56.5,2025-10-15
STU-00424,T2,53.8,5.7,71.9,49.6,2026-02-15
STU-00424,T3,30.7,6.2,77.0,55.5,2026-05-15
STU-00425,T1,48.3,7.6,75.2,43.6,2025-10-15
STU-00425,T2,52.1,6.6,70.4,56.6,2026-02-15
STU-00425,T3,25.5,6.8,90.0,48.8,2026-05-15
STU-00426,T1,46.8,5.2,64.1,21.4,2025-10-15
STU-00426,T2,48.8,7.0,83.2,45.0,2026-02-15
STU-00426,T3,56.6,6.5,65.0,31.7,2026-05-15
STU-00427,T1,52.0,6.8,72.8,38.7,2025-10-15
STU-00427,T2,53.0,6.3,72.7,40.7,2026-02-15
STU-00427,T3,37.0,5.4,78.4,53.3,2026-05-15
STU-00428,T1,31.7,6.3,71.2,14.9,2025-10-15
STU-00428,T2,39.9,6.9,64.1,32.8,2026-02-15
STU-00428,T3,45.9,7.2,66.3,57.6,2026-05-15
STU-00429,T1,31.0,7.9,85.1,55.3,2025-10-15
STU-00429,T2,61.1,6.5,69.2,61.8,2026-02-15
STU-00429,T3,37.2,6.2,68.1,29.1,2026-05-15
STU-00430,T1,41.3,6.5,67.5,24.7,2025-10-15
STU-00430,T2,43.1,5.2,57.5,45.9,2026-02-15
STU-00430,T3,34.0,7.3,78.4,15.2,2026-05-15
STU-00431,T1,55.2,6.8,59.3,53.9,2025-10-15
STU-00431,T2,51.2,7.5,90.6,41.1,2026-02-15
STU-00431,T3,62.1,6.0,65.7,67.6,2026-05-15
STU-00432,T1,48.9,5.5,75.5,45.9,2025-10-15
STU-00432,T2,60.1,4.7,76.3,43.9,2026-02-15
STU-00432,T3,38.9,5.9,80.8,35.8,2026-05-15
STU-00433,T1,53.9,5.4,65.1,33.2,2025-10-15
STU-00433,T2,70.3,6.7,52.7,32.8,2026-02-15
STU-00433,T3,45.5,6.8,74.3,40.5,2026-05-15
STU-00434,T1,59.0,6.0,63.3,51.5,2025-10-15
STU-00434,T2,52.0,8.0,65.6,34.8,2026-02-15
STU-00434,T3,20.8,5.3,75.1,57.0,2026-05-15
STU-00435,T1,51.9,7.2,53.2,77.4,2025-10-15
STU-00435,T2,30.0,6.0,59.4,24.4,2026-02-15
STU-00435,T3,68.1,6.8,61.3,31.9,2026-05-15
STU-00436,T1,51.9,6.2,78.8,48.6,2025-10-15
STU-00436,T2,33.2,6.1,74.8,30.1,2026-02-15
STU-00436,T3,64.8,7.2,76.3,43.4,2026-05-15
STU-00437,T1,24.7,7.2,91.0,36.0,2025-10-15
STU-00437,T2,47.5,6.4,68.2,30.5,2026-02-15
STU-00437,T3,50.2,5.5,62.9,20.1,2026-05-15
STU-00438,T1,36.8,7.4,81.2,50.6,2025-10-15
STU-00438,T2,45.2,5.0,60.9,35.9,2026-02-15
STU-00438,T3,29.9,5.5,59.5,24.5,2026-05-15
STU-00439,T1,35.2,7.0,69.0,42.0,2025-10-15
STU-00439,T2,22.5,7.0,79.6,56.0,2026-02-15
STU-00439,T3,46.8,7.7,74.6,45.7,2026-05-15
STU-00440,T1,36.0,6.8,79.4,30.0,2025-10-15
STU-00440,T2,36.0,6.6,76.5,46.0,2026-02-15
STU-00440,T3,33.1,6.6,68.6,72.8,2026-05-15
STU-00441,T1,21.0,6.4,67.0,45.5,2025-10-15
STU-00441,T2,52.3,6.2,72.1,40.9,2026-02-15
STU-00441,T3,44.4,4.9,75.3,45.4,2026-05-15
STU-00442,T1,41.2,5.3,61.6,27.3,2025-10-15
STU-00442,T2,55.8,5.4,62.5,31.7,2026-02-15
STU-00442,T3,28.9,7.0,79.8,29.3,2026-05-15
STU-00443,T1,34.8,6.5,80.3,54.9,2025-10-15
STU-00443,T2,57.3,6.6,72.8,36.1,2026-02-15
STU-00443,T3,52.0,6.0,51.3,49.7,2026-05-15
STU-00444,T1,38.9,5.3,68.2,54.6,2025-10-15
STU-00444,T2,50.1,5.4,69.8,16.3,2026-02-15
STU-00444,T3,58.2,5.3,64.9,36.2,2026-05-15
STU-00445,T1,59.4,5.7,69.1,48.3,2025-10-15
STU-00445,T2,44.5,7.0,68.7,41.6,2026-02-15
STU-00445,T3,44.9,8.3,72.6,54.8,2026-05-15
STU-00446,T1,50.1,5.5,68.5,45.1,2025-10-15
STU-00446,T2,40.5,6.6,77.5,18.6,2026-02-15
STU-00446,T3,52.6,5.5,62.7,57.1,2026-05-15
STU-00447,T1,20.9,7.1,70.0,42.3,2025-10-15
STU-00447,T2,35.1,6.0,70.2,41.5,2026-02-15
STU-00447,T3,38.2,8.2,63.6,59.8,2026-05-15
STU-00448,T1,65.1,4.4,53.4,37.9,2025-10-15
STU-00448,T2,42.6,5.6,73.6,43.6,2026-02-15
STU-00448,T3,37.1,5.9,85.9,19.1,2026-05-15
STU-00449,T1,46.3,6.3,79.2,63.2,2025-10-15
STU-00449,T2,63.9,6.6,64.3,31.7,2026-02-15
STU-00449,T3,25.7,6.2,83.4,31.3,2026-05-15
STU-00450,T1,42.2,5.9,71.9,45.4,2025-10-15
STU-00450,T2,42.0,4.6,74.6,59.1,2026-02-15
STU-00450,T3,56.5,8.1,69.6,49.9,2026-05-15
STU-00451,T1,25.9,7.9,82.7,50.9,2025-10-15
STU-00451,T2,39.1,6.7,81.1,46.6,2026-02-15
STU-00451,T3,34.2,6.0,89.1,25.3,2026-05-15
STU-00452,T1,69.0,4.3,42.5,44.8,2025-10-15
STU-00452,T2,32.4,6.4,67.8,48.3,2026-02-15
STU-00452,T3,55.8,5.6,57.4,59.8,2026-05-15
STU-00453,T1,48.0,6.4,63.2,52.8,2025-10-15
STU-00453,T2,34.2,5.7,71.9,46.1,2026-02-15
STU-00453,T3,61.7,6.8,52.7,36.2,2026-05-15
STU-00454,T1,38.6,6.2,73.8,31.6,2025-10-15
STU-00454,T2,49.0,6.6,69.3,68.3,2026-02-15
STU-00454,T3,50.0,4.5,49.7,37.0,2026-05-15
STU-00455,T1,52.5,5.9,78.2,65.8,2025-10-15
STU-00455,T2,67.5,5.8,70.3,61.4,2026-02-15
STU-00455,T3,31.4,6.5,76.8,36.8,2026-05-15
STU-00456,T1,51.1,7.2,72.8,56.4,2025-10-15
STU-00456,T2,49.2,7.7,71.1,33.3,2026-02-15
STU-00456,T3,44.1,5.6,69.7,36.5,2026-05-15
STU-00457,T1,40.6,6.5,72.9,41.4,2025-10-15
STU-00457,T2,69.2,4.6,78.2,20.3,2026-02-15
STU-00457,T3,29.3,5.1,76.6,51.3,2026-05-15
STU-00458,T1,57.2,4.7,60.7,36.3,2025-10-15
STU-00458,T2,31.0,6.3,61.5,58.2,2026-02-15
STU-00458,T3,33.8,6.6,95.0,48.2,2026-05-15
STU-00459,T1,49.5,8.1,77.3,54.2,2025-10-15
STU-00459,T2,28.5,6.6,69.1,35.2,2026-02-15
STU-00459,T3,52.2,6.5,68.5,74.1,2026-05-15
STU-00460,T1,56.0,4.7,75.5,41.1,2025-10-15
STU-00460,T2,35.8,5.8,80.9,42.8,2026-02-15
STU-00460,T3,50.6,6.0,71.7,54.2,2026-05-15
STU-00461,T1,38.4,4.4,66.2,40.3,2025-10-15
STU-00461,T2,39.9,4.4,75.4,51.2,2026-02-15
STU-00461,T3,45.3,5.4,62.9,38.7,2026-05-15
STU-00462,T1,62.0,8.0,55.5,37.7,2025-10-15
STU-00462,T2,13.8,8.3,65.2,41.3,2026-02-15
STU-00462,T3,43.0,5.7,59.8,38.4,2026-05-15
STU-00463,T1,40.6,6.3,76.5,46.7,2025-10-15
STU-00463,T2,60.6,5.9,64.1,36.9,2026-02-15
STU-00463,T3,43.6,5.8,69.7,53.5,2026-05-15
STU-00464,T1,43.5,6.5,64.7,48.6,2025-10-15
STU-00464,T2,44.3,5.8,72.9,42.5,2026-02-15
STU-00464,T3,46.2,6.5,68.8,35.9,2026-05-15
STU-00465,T1,59.7,7.0,68.1,43.3,2025-10-15
STU-00465,T2,26.7,5.3,70.6,77.9,2026-02-15
STU-00465,T3,62.5,6.4,69.9,60.8,2026-05-15
STU-00466,T1,45.9,5.7,69.2,31.8,2025-10-15
STU-00466,T2,47.1,5.7,54.7,41.9,2026-02-15
STU-00466,T3,67.2,5.0,71.0,43.6,2026-05-15
STU-00467,T1,50.5,6.1,70.8,49.8,2025-10-15
STU-00467,T2,54.6,5.6,72.4,64.9,2026-02-15
STU-00467,T3,46.0,5.1,74.7,29.8,2026-05-15
STU-00468,T1,35.5,7.4,79.4,45.2,2025-10-15
STU-00468,T2,52.2,6.6,66.4,58.8,2026-02-15
STU-00468,T3,61.4,5.7,52.6,46.3,2026-05-15
STU-00469,T1,40.5,5.3,63.4,60.3,2025-10-15
STU-00469,T2,37.7,6.0,79.6,44.1,2026-02-15
STU-00469,T3,38.7,5.6,68.2,61.7,2026-05-15
STU-00470,T1,33.9,6.0,61.2,46.1,2025-10-15
STU-00470,T2,63.7,6.2,61.3,43.3,2026-02-15
STU-00470,T3,61.0,4.7,69.4,32.1,2026-05-15
STU-00471,T1,40.1,8.4,92.7,53.8,2025-10-15
STU-00471,T2,71.1,5.8,65.5,16.1,2026-02-15
STU-00471,T3,66.4,7.1,75.0,46.6,2026-05-15
STU-00472,T1,41.2,6.2,75.5,36.6,2025-10-15
STU-00472,T2,39.4,7.0,87.5,61.8,2026-02-15
STU-00472,T3,52.9,7.3,59.4,55.5,2026-05-15
STU-00473,T1,41.4,5.6,54.6,50.4,2025-10-15
STU-00473,T2,45.7,6.4,57.9,57.4,2026-02-15
STU-00473,T3,30.3,6.0,64.2,53.8,2026-05-15
STU-00474,T1,39.1,7.3,80.0,28.7,2025-10-15
STU-00474,T2,47.4,6.7,75.4,78.9,2026-02-15
STU-00474,T3,51.8,6.6,63.0,46.3,2026-05-15
STU-00475,T1,63.7,6.8,66.2,40.7,2025-10-15
STU-00475,T2,39.6,6.6,87.6,46.1,2026-02-15
STU-00475,T3,38.0,6.1,66.2,44.2,2026-05-15
STU-00476,T1,75.6,6.5,62.3,36.8,2025-10-15
STU-00476,T2,36.7,7.1,72.7,48.9,2026-02-15
STU-00476,T3,60.0,5.7,59.9,37.6,2026-05-15
STU-00477,T1,35.0,5.8,64.7,32.7,2025-10-15
STU-00477,T2,36.8,6.6,82.4,50.9,2026-02-15
STU-00477,T3,71.3,5.9,75.4,16.6,2026-05-15
STU-00478,T1,24.5,6.3,77.1,34.4,2025-10-15
STU-00478,T2,42.2,6.3,67.0,51.0,2026-02-15
STU-00478,T3,38.0,5.5,72.7,44.9,2026-05-15
STU-00479,T1,40.0,7.4,64.0,78.9,2025-10-15
STU-00479,T2,42.1,5.9,75.9,53.7,2026-02-15
STU-00479,T3,46.6,4.7,67.4,55.7,2026-05-15
STU-00480,T1,70.7,5.0,75.1,23.6,2025-10-15
STU-00480,T2,48.4,8.0,71.9,56.8,2026-02-15
STU-00480,T3,38.5,4.0,68.6,37.3,2026-05-15
STU-00481,T1,59.3,6.9,67.3,37.6,2025-10-15
STU-00481,T2,67.5,6.6,70.1,54.3,2026-02-15
STU-00481,T3,30.6,7.0,82.1,42.7,2026-05-15
STU-00482,T1,32.5,5.8,61.9,31.2,2025-10-15
STU-00482,T2,29.6,7.1,69.2,37.5,2026-02-15
STU-00482,T3,53.9,6.2,53.9,60.0,2026-05-15
STU-00483,T1,33.6,6.5,68.1,30.3,2025-10-15
STU-00483,T2,44.2,6.4,66.6,41.7,2026-02-15
STU-00483,T3,45.6,6.4,76.3,28.5,2026-05-15
STU-00484,T1,60.6,6.9,80.1,33.8,2025-10-15
STU-00484,T2,49.4,6.1,66.4,55.4,2026-02-15
STU-00484,T3,39.6,6.9,82.3,25.2,2026-05-15
STU-00485,T1,47.4,5.2,68.1,64.9,2025-10-15
STU-00485,T2,62.1,4.8,56.1,37.4,2026-02-15
STU-00485,T3,35.5,7.8,78.0,48.5,2026-05-15
STU-00486,T1,54.0,6.0,64.2,49.9,2025-10-15
STU-00486,T2,56.2,4.7,63.9,25.4,2026-02-15
STU-00486,T3,34.0,7.2,77.5,22.0,2026-05-15
STU-00487,T1,46.8,6.8,83.9,39.9,2025-10-15
STU-00487,T2,44.5,5.7,75.6,40.2,2026-02-15
STU-00487,T3,46.9,8.0,87.8,47.6,2026-05-15
STU-00488,T1,48.3,5.8,64.3,42.3,2025-10-15
STU-00488,T2,38.3,6.1,68.8,37.1,2026-02-15
STU-00488,T3,40.1,6.1,82.4,42.8,2026-05-15
STU-00489,T1,58.5,5.8,70.6,49.8,2025-10-15
STU-00489,T2,12.8,7.0,72.3,38.0,2026-02-15
STU-00489,T3,32.8,5.4,69.9,57.0,2026-05-15
STU-00490,T1,65.1,5.9,59.6,43.4,2025-10-15
STU-00490,T2,42.2,7.6,83.2,58.9,2026-02-15
STU-00490,T3,45.9,7.2,73.5,50.5,2026-05-15
STU-00491,T1,49.7,6.1,65.6,65.7,2025-10-15
STU-00491,T2,55.7,5.3,70.7,44.9,2026-02-15
STU-00491,T3,31.8,5.9,75.3,46.7,2026-05-15
STU-00492,T1,52.5,4.9,58.3,62.4,2025-10-15
STU-00492,T2,36.1,5.9,66.8,21.6,2026-02-15
STU-00492,T3,62.1,6.2,66.3,69.2,2026-05-15
STU-00493,T1,45.0,5.4,70.9,38.4,2025-10-15
STU-00493,T2,40.1,7.6,69.7,69.6,2026-02-15
STU-00493,T3,47.0,6.7,80.4,32.8,2026-05-15
STU-00494,T1,36.2,4.9,87.4,50.9,2025-10-15
STU-00494,T2,64.7,7.1,62.2,36.9,2026-02-15
STU-00494,T3,48.6,6.0,59.4,55.4,2026-05-15
STU-00495,T1,34.2,6.9,77.8,43.1,2025-10-15
STU-00495,T2,51.8,6.0,64.0,72.0,2026-02-15
STU-00495,T3,49.8,7.4,82.4,40.6,2026-05-15
STU-00496,T1,58.6,5.8,55.3,41.5,2025-10-15
STU-00496,T2,46.6,6.0,62.6,52.1,2026-02-15
STU-00496,T3,50.4,7.4,76.9,14.9,2026-05-15
STU-00497,T1,45.1,6.2,62.9,40.9,2025-10-15
STU-00497,T2,69.3,6.1,50.0,35.1,2026-02-15
STU-00497,T3,48.8,6.0,56.6,43.0,2026-05-15
STU-00498,T1,21.6,7.9,90.2,30.9,2025-10-15
STU-00498,T2,15.4,7.8,76.5,29.0,2026-02-15
STU-00498,T3,64.7,6.8,69.1,38.2,2026-05-15
STU-00499,T1,75.8,5.5,60.9,27.9,2025-10-15
STU-00499,T2,78.6,4.7,49.4,50.3,2026-02-15
STU-00499,T3,35.5,6.4,79.6,33.2,2026-05-15
STU-00500,T1,46.2,6.7,68.7,43.7,2025-10-15
STU-00500,T2,47.8,5.5,71.1,45.4,2026-02-15
STU-00500,T3,51.4,5.1,58.2,38.3,2026-05-15
STU-00501,T1,70.0,4.6,50.4,69.6,2025-10-15
STU-00501,T2,63.9,3.9,56.8,45.9,2026-02-15
STU-00501,T3,39.7,6.8,77.3,44.8,2026-05-15
STU-00502,T1,55.2,8.3,62.9,46.0,2025-10-15
STU-00502,T2,39.3,5.9,68.3,57.5,2026-02-15
STU-00502,T3,58.9,6.6,75.4,32.0,2026-05-15
STU-00503,T1,47.7,5.7,76.1,55.1,2025-10-15
STU-00503,T2,70.5,6.1,58.2,53.3,2026-02-15
STU-00503,T3,54.8,6.3,71.8,35.7,2026-05-15
STU-00504,T1,34.6,5.8,80.6,29.6,2025-10-15
STU-00504,T2,61.0,5.1,75.3,22.5,2026-02-15
STU-00504,T3,40.4,5.9,77.9,23.0,2026-05-15
STU-00505,T1,53.4,5.1,53.0,68.7,2025-10-15
STU-00505,T2,50.8,6.7,76.6,53.2,2026-02-15
STU-00505,T3,45.8,6.3,74.6,37.8,2026-05-15
STU-00506,T1,74.6,5.2,56.8,55.7,2025-10-15
STU-00506,T2,54.3,6.1,60.6,67.3,2026-02-15
STU-00506,T3,38.3,6.0,75.5,50.4,2026-05-15
STU-00507,T1,37.2,6.7,85.1,39.9,2025-10-15
STU-00507,T2,43.0,6.1,65.4,54.2,2026-02-15
STU-00507,T3,48.1,7.7,65.4,42.2,2026-05-15
STU-00508,T1,16.1,7.6,90.1,32.1,2025-10-15
STU-00508,T2,42.8,5.3,73.6,38.4,2026-02-15
STU-00508,T3,19.8,6.6,75.1,27.1,2026-05-15
STU-00509,T1,44.6,7.5,88.6,25.7,2025-10-15
STU-00509,T2,59.0,6.8,79.0,44.5,2026-02-15
STU-00509,T3,38.7,5.9,74.3,54.5,2026-05-15
STU-00510,T1,45.9,4.5,74.7,60.5,2025-10-15
STU-00510,T2,50.5,6.4,64.7,50.8,2026-02-15
STU-00510,T3,41.8,5.7,62.9,53.5,2026-05-15
STU-00511,T1,45.9,6.4,59.0,41.1,2025-10-15
STU-00511,T2,54.1,6.8,65.3,48.6,2026-02-15
STU-00511,T3,41.6,7.1,63.9,56.7,2026-05-15
STU-00512,T1,54.1,6.1,67.0,39.1,2025-10-15
STU-00512,T2,35.0,6.9,95.0,47.0,2026-02-15
STU-00512,T3,41.5,7.2,75.2,22.5,2026-05-15
STU-00513,T1,31.3,6.4,71.4,55.7,2025-10-15
STU-00513,T2,43.7,5.1,63.0,65.8,2026-02-15
STU-00513,T3,46.0,6.7,52.4,44.3,2026-05-15
STU-00514,T1,41.4,6.5,56.7,53.9,2025-10-15
STU-00514,T2,50.8,6.4,70.7,66.9,2026-02-15
STU-00514,T3,21.4,6.1,73.2,69.9,2026-05-15
STU-00515,T1,53.2,6.1,68.7,54.6,2025-10-15
STU-00515,T2,36.5,6.4,70.3,45.1,2026-02-15
STU-00515,T3,49.5,7.5,73.0,31.2,2026-05-15
STU-00516,T1,48.7,8.1,72.9,40.5,2025-10-15
STU-00516,T2,54.7,6.5,85.4,57.1,2026-02-15
STU-00516,T3,38.2,7.0,73.2,57.1,2026-05-15
STU-00517,T1,44.5,6.2,68.3,37.5,2025-10-15
STU-00517,T2,25.2,5.8,68.4,43.5,2026-02-15
STU-00517,T3,51.6,6.5,68.1,38.8,2026-05-15
STU-00518,T1,40.4,6.3,66.6,30.2,2025-10-15
STU-00518,T2,55.0,6.3,65.9,53.1,2026-02-15
STU-00518,T3,21.3,7.0,76.9,49.8,2026-05-15
STU-00519,T1,41.6,7.2,82.9,40.4,2025-10-15
STU-00519,T2,57.7,6.0,88.5,53.0,2026-02-15
STU-00519,T3,50.6,6.5,63.0,53.5,2026-05-15
STU-00520,T1,58.5,5.9,61.0,64.1,2025-10-15
STU-00520,T2,45.5,5.4,69.9,36.9,2026-02-15
STU-00520,T3,59.5,6.4,77.5,46.3,2026-05-15
STU-00521,T1,48.5,7.1,74.4,38.7,2025-10-15
STU-00521,T2,59.8,5.9,67.8,56.5,2026-02-15
STU-00521,T3,33.8,5.5,65.8,35.7,2026-05-15
STU-00522,T1,32.7,6.1,61.9,40.0,2025-10-15
STU-00522,T2,47.2,6.6,70.6,36.2,2026-02-15
STU-00522,T3,83.7,6.4,53.4,45.8,2026-05-15
STU-00523,T1,38.9,7.7,66.9,53.4,2025-10-15
STU-00523,T2,35.5,6.2,66.8,24.5,2026-02-15
STU-00523,T3,56.7,5.5,58.3,46.8,2026-05-15
STU-00524,T1,44.3,6.2,73.3,40.2,2025-10-15
STU-00524,T2,43.0,7.5,72.3,39.6,2026-02-15
STU-00524,T3,32.4,6.2,82.5,55.9,2026-05-15
STU-00525,T1,56.7,4.5,64.8,45.7,2025-10-15
STU-00525,T2,54.5,6.3,76.3,36.6,2026-02-15
STU-00525,T3,34.4,7.2,92.1,35.8,2026-05-15
STU-00526,T1,32.2,6.7,80.7,49.0,2025-10-15
STU-00526,T2,56.7,6.0,74.5,55.5,2026-02-15
STU-00526,T3,32.8,6.0,77.9,39.9,2026-05-15
STU-00527,T1,38.4,7.5,65.9,60.9,2025-10-15
STU-00527,T2,64.0,5.1,53.5,51.8,2026-02-15
STU-00527,T3,47.5,6.1,66.7,45.1,2026-05-15
STU-00528,T1,19.5,6.1,68.8,50.6,2025-10-15
STU-00528,T2,49.0,6.1,72.7,67.1,2026-02-15
STU-00528,T3,54.3,5.8,50.6,32.3,2026-05-15
STU-00529,T1,53.4,7.4,54.1,25.1,2025-10-15
STU-00529,T2,80.9,5.3,62.0,63.5,2026-02-15
STU-00529,T3,43.0,6.1,80.5,27.9,2026-05-15
STU-00530,T1,38.8,6.9,70.7,46.7,2025-10-15
STU-00530,T2,35.6,5.4,81.3,58.1,2026-02-15
STU-00530,T3,56.5,6.7,72.2,48.6,2026-05-15
STU-00531,T1,32.3,7.6,86.1,50.5,2025-10-15
STU-00531,T2,41.4,5.8,74.5,49.3,2026-02-15
STU-00531,T3,49.9,4.8,60.5,37.5,2026-05-15
STU-00532,T1,47.4,6.4,75.2,59.3,2025-10-15
STU-00532,T2,47.3,6.3,75.5,36.7,2026-02-15
STU-00532,T3,38.4,5.9,69.2,24.8,2026-05-15
STU-00533,T1,28.3,6.5,81.6,61.6,2025-10-15
STU-00533,T2,32.0,6.4,74.9,65.1,2026-02-15
STU-00533,T3,49.8,6.8,78.5,48.4,2026-05-15
STU-00534,T1,43.1,5.5,73.3,47.9,2025-10-15
STU-00534,T2,44.5,6.3,82.3,13.1,2026-02-15
STU-00534,T3,65.0,5.0,65.0,61.6,2026-05-15
STU-00535,T1,54.2,5.1,52.2,38.8,2025-10-15
STU-00535,T2,61.1,6.1,53.7,54.9,2026-02-15
STU-00535,T3,69.0,6.1,44.2,37.0,2026-05-15
STU-00536,T1,37.6,6.9,76.0,66.1,2025-10-15
STU-00536,T2,61.3,8.2,79.7,39.5,2026-02-15
STU-00536,T3,38.1,6.4,68.2,57.7,2026-05-15
STU-00537,T1,51.1,6.6,72.3,63.3,2025-10-15
STU-00537,T2,53.5,6.1,57.5,47.1,2026-02-15
STU-00537,T3,41.1,6.4,75.0,42.9,2026-05-15
STU-00538,T1,47.1,6.1,81.9,31.9,2025-10-15
STU-00538,T2,44.5,7.0,70.3,43.8,2026-02-15
STU-00538,T3,45.6,6.8,76.8,47.2,2026-05-15
STU-00539,T1,52.3,6.0,66.3,41.0,2025-10-15
STU-00539,T2,55.4,6.7,64.5,27.1,2026-02-15
STU-00539,T3,59.7,6.3,70.6,47.7,2026-05-15
STU-00540,T1,18.7,6.6,82.6,46.4,2025-10-15
STU-00540,T2,22.7,6.6,72.5,47.3,2026-02-15
STU-00540,T3,60.4,5.2,61.8,57.9,2026-05-15
STU-00541,T1,34.1,6.1,82.4,44.8,2025-10-15
STU-00541,T2,26.2,6.8,76.5,38.0,2026-02-15
STU-00541,T3,43.2,6.7,79.5,40.3,2026-05-15
STU-00542,T1,29.8,6.7,77.1,49.4,2025-10-15
STU-00542,T2,43.5,7.1,76.3,49.5,2026-02-15
STU-00542,T3,68.0,5.9,72.5,52.2,2026-05-15
STU-00543,T1,47.2,5.5,67.4,29.2,2025-10-15
STU-00543,T2,54.1,5.7,62.7,16.5,2026-02-15
STU-00543,T3,56.9,6.5,64.5,37.7,2026-05-15
STU-00544,T1,44.3,6.0,69.6,52.0,2025-10-15
STU-00544,T2,35.6,6.5,70.5,59.5,2026-02-15
STU-00544,T3,42.6,5.8,63.8,76.1,2026-05-15
STU-00545,T1,53.7,5.4,71.5,47.2,2025-10-15
STU-00545,T2,58.0,6.7,64.5,47.8,2026-02-15
STU-00545,T3,64.7,7.5,79.2,45.9,2026-05-15
STU-00546,T1,50.7,6.0,72.4,62.7,2025-10-15
STU-00546,T2,52.6,7.0,74.4,39.0,2026-02-15
STU-00546,T3,47.8,4.8,62.4,56.6,2026-05-15
STU-00547,T1,41.6,7.8,70.2,58.4,2025-10-15
STU-00547,T2,39.4,6.9,69.0,19.1,2026-02-15
STU-00547,T3,29.5,6.6,77.6,26.4,2026-05-15
STU-00548,T1,40.2,7.8,86.0,52.4,2025-10-15
STU-00548,T2,32.1,6.8,79.6,23.6,2026-02-15
STU-00548,T3,54.2,5.8,53.0,38.8,2026-05-15
STU-00549,T1,50.3,6.2,51.4,34.6,2025-10-15
STU-00549,T2,57.5,5.2,51.9,9.5,2026-02-15
STU-00549,T3,49.4,6.9,77.9,45.6,2026-05-15
STU-00550,T1,71.7,5.9,75.2,41.7,2025-10-15
STU-00550,T2,68.9,7.3,65.1,49.6,2026-02-15
STU-00550,T3,50.1,6.5,78.1,68.5,2026-05-15
STU-00551,T1,36.0,6.9,79.5,37.3,2025-10-15
STU-00551,T2,58.5,5.1,61.3,39.7,2026-02-15
STU-00551,T3,36.9,6.2,74.8,36.7,2026-05-15
STU-00552,T1,58.1,4.1,62.9,44.5,2025-10-15
STU-00552,T2,46.7,4.5,78.8,49.3,2026-02-15
STU-00552,T3,48.0,5.3,64.3,40.9,2026-05-15
STU-00553,T1,69.6,5.8,45.2,53.8,2025-10-15
STU-00553,T2,48.5,6.7,55.9,64.2,2026-02-15
STU-00553,T3,53.3,5.7,72.3,47.1,2026-05-15
STU-00554,T1,31.0,6.2,73.8,50.2,2025-10-15
STU-00554,T2,54.6,5.3,65.6,34.5,2026-02-15
STU-00554,T3,42.3,4.4,75.2,39.0,2026-05-15
STU-00555,T1,61.3,6.6,76.9,42.8,2025-10-15
STU-00555,T2,57.2,5.7,63.7,41.8,2026-02-15
STU-00555,T3,39.6,6.2,79.3,35.3,2026-05-15
STU-00556,T1,41.1,6.1,70.7,45.4,2025-10-15
STU-00556,T2,47.1,5.6,58.8,49.3,2026-02-15
STU-00556,T3,47.0,7.2,76.2,39.4,2026-05-15
STU-00557,T1,41.6,7.1,75.5,45.1,2025-10-15
STU-00557,T2,78.4,6.0,61.0,52.3,2026-02-15
STU-00557,T3,39.0,5.9,74.8,23.3,2026-05-15
STU-00558,T1,62.8,6.5,72.4,48.6,2025-10-15
STU-00558,T2,48.5,5.7,56.5,55.4,2026-02-15
STU-00558,T3,30.5,6.3,82.0,26.1,2026-05-15
STU-00559,T1,42.1,6.0,70.6,43.1,2025-10-15
STU-00559,T2,80.2,6.9,47.3,42.8,2026-02-15
STU-00559,T3,42.6,6.6,64.2,43.8,2026-05-15
STU-00560,T1,28.8,5.7,68.6,56.2,2025-10-15
STU-00560,T2,67.0,7.9,70.9,49.4,2026-02-15
STU-00560,T3,39.5,6.9,81.8,13.6,2026-05-15
STU-00561,T1,46.1,5.4,66.4,63.0,2025-10-15
STU-00561,T2,68.0,6.9,57.9,50.1,2026-02-15
STU-00561,T3,63.4,5.0,62.7,71.0,2026-05-15
STU-00562,T1,32.9,4.8,62.3,57.9,2025-10-15
STU-00562,T2,40.6,6.8,64.8,41.6,2026-02-15
STU-00562,T3,42.0,5.0,51.9,28.8,2026-05-15
STU-00563,T1,36.6,5.3,68.4,43.1,2025-10-15
STU-00563,T2,65.7,7.6,80.6,6.0,2026-02-15
STU-00563,T3,43.9,5.5,67.1,37.2,2026-05-15
STU-00564,T1,54.9,6.8,71.8,41.5,2025-10-15
STU-00564,T2,39.7,6.4,64.2,70.1,2026-02-15
STU-00564,T3,38.7,5.0,68.4,41.0,2026-05-15
STU-00565,T1,38.1,5.2,77.7,24.1,2025-10-15
STU-00565,T2,47.4,6.4,79.0,42.4,2026-02-15
STU-00565,T3,72.6,5.9,69.9,44.5,2026-05-15
STU-00566,T1,32.6,5.8,66.1,26.1,2025-10-15
STU-00566,T2,55.5,5.4,64.9,60.3,2026-02-15
STU-00566,T3,46.8,7.5,65.8,61.8,2026-05-15
STU-00567,T1,41.3,7.2,72.2,51.7,2025-10-15
STU-00567,T2,55.3,6.3,72.0,38.5,2026-02-15
STU-00567,T3,59.9,6.0,58.8,46.6,2026-05-15
STU-00568,T1,43.0,4.4,62.7,58.2,2025-10-15
STU-00568,T2,35.7,6.2,81.0,42.0,2026-02-15
STU-00568,T3,40.4,7.0,62.9,69.0,2026-05-15
STU-00569,T1,51.6,6.5,58.9,45.4,2025-10-15
STU-00569,T2,41.5,5.4,76.6,39.7,2026-02-15
STU-00569,T3,72.4,4.9,59.2,58.9,2026-05-15
STU-00570,T1,53.1,5.1,78.1,52.1,2025-10-15
STU-00570,T2,51.3,5.3,67.8,65.5,2026-02-15
STU-00570,T3,43.1,5.4,82.4,64.6,2026-05-15
STU-00571,T1,57.3,5.3,63.0,55.8,2025-10-15
STU-00571,T2,70.7,5.8,62.3,36.6,2026-02-15
STU-00571,T3,21.3,5.8,68.8,34.8,2026-05-15
STU-00572,T1,35.3,5.2,70.7,48.3,2025-10-15
STU-00572,T2,54.3,5.6,69.3,39.5,2026-02-15
STU-00572,T3,74.5,4.7,72.5,41.4,2026-05-15
STU-00573,T1,46.9,5.3,50.2,44.6,2025-10-15
STU-00573,T2,47.9,5.9,68.1,49.2,2026-02-15
STU-00573,T3,43.1,7.0,69.2,41.9,2026-05-15
STU-00574,T1,39.3,7.2,71.0,28.7,2025-10-15
STU-00574,T2,36.7,5.8,64.1,42.6,2026-02-15
STU-00574,T3,36.1,5.7,81.6,52.5,2026-05-15
STU-00575,T1,50.5,5.3,58.6,55.5,2025-10-15
STU-00575,T2,18.1,7.6,83.4,25.2,2026-02-15
STU-00575,T3,38.1,5.5,72.7,55.4,2026-05-15
STU-00576,T1,54.7,5.5,70.4,60.8,2025-10-15
STU-00576,T2,59.0,5.2,50.4,47.1,2026-02-15
STU-00576,T3,45.8,6.9,82.0,34.8,2026-05-15
STU-00577,T1,13.1,6.7,71.1,40.8,2025-10-15
STU-00577,T2,80.6,6.5,55.6,57.3,2026-02-15
STU-00577,T3,45.8,5.4,77.1,52.9,2026-05-15
STU-00578,T1,37.3,5.3,62.2,48.4,2025-10-15
STU-00578,T2,33.5,6.0,69.5,36.7,2026-02-15
STU-00578,T3,51.0,6.7,67.6,37.3,2026-05-15
STU-00579,T1,45.1,5.6,56.1,52.8,2025-10-15
STU-00579,T2,44.3,5.2,64.0,54.2,2026-02-15
STU-00579,T3,41.2,6.4,65.3,50.4,2026-05-15
STU-00580,T1,58.8,5.1,71.9,37.4,2025-10-15
STU-00580,T2,47.5,6.9,68.3,46.6,2026-02-15
STU-00580,T3,43.6,5.5,81.9,42.8,2026-05-15
STU-00581,T1,41.6,6.5,61.7,55.2,2025-10-15
STU-00581,T2,48.2,5.6,70.4,52.7,2026-02-15
STU-00581,T3,23.4,6.8,80.2,32.1,2026-05-15
STU-00582,T1,57.1,6.1,70.2,47.6,2025-10-15
STU-00582,T2,45.3,7.7,92.5,20.8,2026-02-15
STU-00582,T3,55.7,5.9,71.1,38.8,2026-05-15
STU-00583,T1,46.2,6.2,69.6,55.2,2025-10-15
STU-00583,T2,35.0,5.8,73.1,66.1,2026-02-15
STU-00583,T3,44.1,6.3,65.5,58.2,2026-05-15
STU-00584,T1,51.1,6.0,65.1,52.4,2025-10-15
STU-00584,T2,37.3,4.7,81.9,41.7,2026-02-15
STU-00584,T3,41.4,5.5,91.4,50.7,2026-05-15
STU-00585,T1,34.2,6.5,76.3,9.7,2025-10-15
STU-00585,T2,41.5,5.7,59.8,72.2,2026-02-15
STU-00585,T3,43.2,5.6,58.4,59.4,2026-05-15
STU-00586,T1,49.9,5.5,63.4,37.1,2025-10-15
STU-00586,T2,61.5,5.6,52.0,34.6,2026-02-15
STU-00586,T3,22.1,6.2,72.4,38.7,2026-05-15
STU-00587,T1,30.7,7.4,65.4,60.2,2025-10-15
STU-00587,T2,56.4,6.3,68.6,46.3,2026-02-15
STU-00587,T3,58.4,6.1,76.3,31.5,2026-05-15
STU-00588,T1,45.3,8.2,70.8,67.4,2025-10-15
STU-00588,T2,60.4,5.3,57.9,65.4,2026-02-15
STU-00588,T3,20.5,6.0,64.0,40.4,2026-05-15
STU-00589,T1,37.2,6.7,64.1,39.1,2025-10-15
STU-00589,T2,57.2,5.7,66.3,60.5,2026-02-15
STU-00589,T3,19.0,7.3,78.3,67.6,2026-05-15
STU-00590,T1,39.7,6.7,74.9,40.3,2025-10-15
STU-00590,T2,47.8,5.6,77.2,71.2,2026-02-15
STU-00590,T3,63.6,6.1,70.7,36.4,2026-05-15
STU-00591,T1,61.6,5.8,63.9,35.4,2025-10-15
STU-00591,T2,52.3,6.7,69.5,39.7,2026-02-15
STU-00591,T3,54.2,7.9,72.1,49.9,2026-05-15
STU-00592,T1,51.4,4.4,54.1,46.8,2025-10-15
STU-00592,T2,46.4,5.6,70.2,60.9,2026-02-15
STU-00592,T3,58.3,5.8,73.5,56.1,2026-05-15
STU-00593,T1,64.5,5.6,61.5,49.6,2025-10-15
STU-00593,T2,24.0,6.0,68.2,55.6,2026-02-15
STU-00593,T3,66.5,5.6,63.2,58.5,2026-05-15
STU-00594,T1,59.0,5.1,65.4,61.3,2025-10-15
STU-00594,T2,44.6,7.2,69.0,41.9,2026-02-15
STU-00594,T3,55.6,5.4,67.3,57.0,2026-05-15
STU-00595,T1,43.1,7.3,74.6,31.7,2025-10-15
STU-00595,T2,48.3,5.5,65.3,33.1,2026-02-15
STU-00595,T3,50.3,5.6,69.7,48.8,2026-05-15
STU-00596,T1,65.9,5.5,66.0,46.8,2025-10-15
STU-00596,T2,59.3,6.1,63.8,35.6,2026-02-15
STU-00596,T3,37.7,5.9,72.6,59.4,2026-05-15
STU-00597,T1,47.4,5.8,70.1,47.2,2025-10-15
STU-00597,T2,57.8,7.9,69.5,63.8,2026-02-15
STU-00597,T3,41.1,6.0,62.7,57.3,2026-05-15
STU-00598,T1,47.9,5.1,77.9,40.8,2025-10-15
STU-00598,T2,50.0,5.0,78.9,44.9,2026-02-15
STU-00598,T3,77.0,5.4,56.6,54.5,2026-05-15
STU-00599,T1,50.0,5.9,55.7,55.1,2025-10-15
STU-00599,T2,56.4,5.9,57.4,55.2,2026-02-15
STU-00599,T3,49.0,7.1,60.8,32.7,2026-05-15
STU-00600,T1,32.5,8.4,75.2,23.6,2025-10-15
STU-00600,T2,18.2,6.2,65.5,67.4,2026-02-15
STU-00600,T3,47.2,5.2,80.1,60.7,2026-05-15
STU-00601,T1,53.1,6.7,71.3,35.8,2025-10-15
STU-00601,T2,33.1,6.5,77.4,49.2,2026-02-15
STU-00601,T3,72.7,4.8,57.5,48.7,2026-05-15
STU-00602,T1,46.0,6.2,81.6,71.3,2025-10-15
STU-00602,T2,44.7,6.9,71.3,31.2,2026-02-15
STU-00602,T3,55.3,6.9,70.0,41.7,2026-05-15
STU-00603,T1,55.3,5.3,70.5,46.0,2025-10-15
STU-00603,T2,26.1,6.9,79.0,53.1,2026-02-15
STU-00603,T3,28.8,5.4,72.7,67.1,2026-05-15
STU-00604,T1,47.8,6.0,70.9,49.2,2025-10-15
STU-00604,T2,48.1,6.1,72.6,47.0,2026-02-15
STU-00604,T3,47.1,6.1,59.9,60.8,2026-05-15
STU-00605,T1,30.8,6.8,62.8,46.5,2025-10-15
STU-00605,T2,51.9,5.7,66.8,21.9,2026-02-15
STU-00605,T3,51.4,5.2,75.3,58.7,2026-05-15
STU-00606,T1,31.9,5.0,70.3,43.1,2025-10-15
STU-00606,T2,63.8,6.4,57.7,40.4,2026-02-15
STU-00606,T3,41.7,6.9,68.5,53.9,2026-05-15
STU-00607,T1,18.6,6.7,76.1,32.8,2025-10-15
STU-00607,T2,19.3,6.5,92.1,27.4,2026-02-15
STU-00607,T3,60.5,6.0,73.0,33.6,2026-05-15
STU-00608,T1,69.0,6.4,76.6,56.5,2025-10-15
STU-00608,T2,55.0,6.0,76.1,50.9,2026-02-15
STU-00608,T3,23.4,6.7,67.5,40.8,2026-05-15
STU-00609,T1,40.7,7.4,84.5,57.9,2025-10-15
STU-00609,T2,29.2,5.0,85.9,33.6,2026-02-15
STU-00609,T3,43.7,5.4,83.3,61.1,2026-05-15
STU-00610,T1,17.2,7.6,77.8,53.7,2025-10-15
STU-00610,T2,32.9,6.5,71.6,44.3,2026-02-15
STU-00610,T3,53.5,5.3,70.6,48.7,2026-05-15
STU-00611,T1,43.5,8.2,63.5,33.1,2025-10-15
STU-00611,T2,49.2,6.2,58.2,40.7,2026-02-15
STU-00611,T3,30.4,4.7,67.4,68.6,2026-05-15
STU-00612,T1,39.1,7.0,77.2,35.2,2025-10-15
STU-00612,T2,45.5,5.2,70.5,58.7,2026-02-15
STU-00612,T3,48.9,6.5,72.3,52.2,2026-05-15
STU-00613,T1,37.9,6.1,71.8,39.5,2025-10-15
STU-00613,T2,27.7,6.2,73.5,42.6,2026-02-15
STU-00613,T3,46.2,5.4,75.5,42.0,2026-05-15
STU-00614,T1,42.3,6.3,83.4,48.5,2025-10-15
STU-00614,T2,54.8,5.0,59.8,52.4,2026-02-15
STU-00614,T3,44.0,6.5,64.4,50.0,2026-05-15
STU-00615,T1,54.9,7.0,68.4,30.3,2025-10-15
STU-00615,T2,46.9,5.9,70.7,56.2,2026-02-15
STU-00615,T3,36.4,5.5,69.8,30.7,2026-05-15
STU-00616,T1,59.3,5.8,70.8,26.4,2025-10-15
STU-00616,T2,45.6,5.7,72.1,43.0,2026-02-15
STU-00616,T3,64.6,5.6,63.9,42.7,2026-05-15
STU-00617,T1,38.1,5.2,72.5,34.7,2025-10-15
STU-00617,T2,28.5,5.2,84.3,53.9,2026-02-15
STU-00617,T3,35.8,5.3,85.5,31.4,2026-05-15
STU-00618,T1,14.7,7.0,77.8,50.7,2025-10-15
STU-00618,T2,57.6,6.1,85.4,78.5,2026-02-15
STU-00618,T3,40.9,7.1,71.3,51.3,2026-05-15
STU-00619,T1,23.2,6.4,68.8,34.4,2025-10-15
STU-00619,T2,52.7,5.4,64.0,58.8,2026-02-15
STU-00619,T3,29.1,6.1,76.3,55.6,2026-05-15
STU-00620,T1,45.4,6.4,69.4,53.9,2025-10-15
STU-00620,T2,50.5,5.1,62.8,46.8,2026-02-15
STU-00620,T3,39.1,5.8,75.2,29.5,2026-05-15
STU-00621,T1,45.7,6.2,75.2,52.5,2025-10-15
STU-00621,T2,43.8,7.1,71.9,29.3,2026-02-15
STU-00621,T3,40.8,7.3,61.3,37.1,2026-05-15
STU-00622,T1,53.2,5.2,59.1,67.6,2025-10-15
STU-00622,T2,66.1,5.8,56.6,46.1,2026-02-15
STU-00622,T3,31.1,5.8,72.5,44.5,2026-05-15
STU-00623,T1,47.8,4.5,68.9,55.3,2025-10-15
STU-00623,T2,56.4,6.5,69.1,39.0,2026-02-15
STU-00623,T3,31.5,7.1,69.5,26.2,2026-05-15
STU-00624,T1,50.2,6.2,66.1,47.5,2025-10-15
STU-00624,T2,50.8,5.8,63.7,74.3,2026-02-15
STU-00624,T3,32.9,6.9,76.2,49.6,2026-05-15
STU-00625,T1,30.3,6.9,70.7,38.3,2025-10-15
STU-00625,T2,29.0,7.2,79.5,28.5,2026-02-15
STU-00625,T3,36.9,6.4,67.0,67.1,2026-05-15
STU-00626,T1,50.9,5.0,63.3,61.6,2025-10-15
STU-00626,T2,54.2,7.4,73.9,32.5,2026-02-15
STU-00626,T3,22.7,5.9,87.8,58.8,2026-05-15
STU-00627,T1,59.7,4.2,67.7,54.1,2025-10-15
STU-00627,T2,43.0,6.4,56.9,49.6,2026-02-15
STU-00627,T3,49.0,4.4,63.8,36.1,2026-05-15
STU-00628,T1,33.2,7.3,81.7,45.8,2025-10-15
STU-00628,T2,50.2,5.3,65.4,59.4,2026-02-15
STU-00628,T3,42.4,6.9,74.2,46.5,2026-05-15
STU-00629,T1,41.4,4.9,67.3,9.9,2025-10-15
STU-00629,T2,55.1,6.4,68.6,49.6,2026-02-15
STU-00629,T3,22.4,5.9,75.3,55.7,2026-05-15
STU-00630,T1,51.1,7.4,72.9,50.5,2025-10-15
STU-00630,T2,38.5,6.8,75.7,41.6,2026-02-15
STU-00630,T3,43.1,4.6,82.3,42.8,2026-05-15
STU-00631,T1,60.8,6.9,66.3,32.8,2025-10-15
STU-00631,T2,60.6,5.4,64.2,59.3,2026-02-15
STU-00631,T3,28.1,5.8,63.0,41.5,2026-05-15
STU-00632,T1,57.5,5.6,70.9,33.1,2025-10-15
STU-00632,T2,30.1,6.3,70.1,38.5,2026-02-15
STU-00632,T3,53.0,6.0,59.1,50.3,2026-05-15
STU-00633,T1,51.1,6.2,64.8,40.8,2025-10-15
STU-00633,T2,71.9,5.9,57.0,51.9,2026-02-15
STU-00633,T3,30.4,5.8,70.2,46.4,2026-05-15
STU-00634,T1,47.4,7.4,71.4,40.4,2025-10-15
STU-00634,T2,73.7,5.9,59.5,50.3,2026-02-15
STU-00634,T3,49.0,6.4,62.1,36.7,2026-05-15
STU-00635,T1,53.6,6.0,67.9,59.0,2025-10-15
STU-00635,T2,57.3,6.4,78.3,42.6,2026-02-15
STU-00635,T3,42.7,6.3,73.3,52.3,2026-05-15
STU-00636,T1,28.8,6.2,75.6,26.7,2025-10-15
STU-00636,T2,51.6,6.8,71.6,42.0,2026-02-15
STU-00636,T3,30.3,6.6,79.2,37.5,2026-05-15
STU-00637,T1,51.7,6.5,68.2,64.5,2025-10-15
STU-00637,T2,54.1,7.2,72.7,67.1,2026-02-15
STU-00637,T3,53.5,6.5,63.9,45.7,2026-05-15
STU-00638,T1,57.3,5.8,57.1,57.9,2025-10-15
STU-00638,T2,56.1,5.3,56.1,59.4,2026-02-15
STU-00638,T3,47.5,7.3,64.4,58.6,2026-05-15
STU-00639,T1,39.8,6.4,80.1,61.8,2025-10-15
STU-00639,T2,54.9,6.8,61.6,37.3,2026-02-15
STU-00639,T3,46.4,6.3,71.9,55.1,2026-05-15
STU-00640,T1,34.6,6.5,60.6,50.8,2025-10-15
STU-00640,T2,52.3,7.1,68.3,53.1,2026-02-15
STU-00640,T3,32.6,7.8,79.2,48.0,2026-05-15
STU-00641,T1,42.5,6.5,62.3,51.7,2025-10-15
STU-00641,T2,75.6,4.4,50.2,34.0,2026-02-15
STU-00641,T3,48.8,6.3,58.2,52.3,2026-05-15
STU-00642,T1,25.0,7.5,75.6,61.9,2025-10-15
STU-00642,T2,57.2,6.5,57.4,46.3,2026-02-15
STU-00642,T3,50.7,7.2,81.0,45.9,2026-05-15
STU-00643,T1,50.3,5.4,75.5,55.7,2025-10-15
STU-00643,T2,39.1,5.7,80.0,44.5,2026-02-15
STU-00643,T3,51.4,6.7,65.8,40.2,2026-05-15
STU-00644,T1,57.5,5.7,68.1,27.5,2025-10-15
STU-00644,T2,42.2,5.3,59.0,35.4,2026-02-15
STU-00644,T3,32.2,8.2,74.0,35.3,2026-05-15
STU-00645,T1,34.8,6.3,88.0,42.5,2025-10-15
STU-00645,T2,77.5,6.0,74.1,55.3,2026-02-15
STU-00645,T3,19.3,8.3,72.9,52.7,2026-05-15
STU-00646,T1,50.9,6.7,76.8,36.4,2025-10-15
STU-00646,T2,47.2,6.9,71.0,46.8,2026-02-15
STU-00646,T3,49.9,5.0,71.9,38.0,2026-05-15
STU-00647,T1,56.9,5.7,73.1,69.5,2025-10-15
STU-00647,T2,47.9,7.6,75.6,44.9,2026-02-15
STU-00647,T3,43.9,6.1,80.5,76.9,2026-05-15
STU-00648,T1,39.2,7.7,65.5,55.0,2025-10-15
STU-00648,T2,60.0,6.4,62.1,56.8,2026-02-15
STU-00648,T3,36.7,7.4,72.9,31.0,2026-05-15
STU-00649,T1,43.0,6.6,75.0,35.2,2025-10-15
STU-00649,T2,51.0,5.6,83.7,48.9,2026-02-15
STU-00649,T3,47.0,4.8,73.7,65.9,2026-05-15
STU-00650,T1,37.8,5.8,66.6,65.9,2025-10-15
STU-00650,T2,44.9,5.7,64.4,48.7,2026-02-15
STU-00650,T3,40.5,7.2,65.6,24.7,2026-05-15
STU-00651,T1,51.8,6.9,64.6,58.1,2025-10-15
STU-00651,T2,22.8,7.0,91.1,27.7,2026-02-15
STU-00651,T3,62.1,6.0,65.3,35.2,2026-05-15
STU-00652,T1,54.7,5.6,69.7,53.3,2025-10-15
STU-00652,T2,51.5,6.1,71.2,31.7,2026-02-15
STU-00652,T3,37.2,7.2,57.4,45.4,2026-05-15
STU-00653,T1,37.6,6.7,71.7,39.4,2025-10-15
STU-00653,T2,36.0,6.7,65.3,28.1,2026-02-15
STU-00653,T3,64.7,4.8,57.4,54.9,2026-05-15
STU-00654,T1,48.9,4.4,70.3,32.0,2025-10-15
STU-00654,T2,62.2,5.7,81.2,55.6,2026-02-15
STU-00654,T3,43.4,5.9,71.4,53.2,2026-05-15
STU-00655,T1,44.3,5.2,66.7,25.9,2025-10-15
STU-00655,T2,67.4,6.2,54.8,38.3,2026-02-15
STU-00655,T3,59.9,6.5,72.1,35.0,2026-05-15
STU-00656,T1,34.0,6.7,88.2,44.9,2025-10-15
STU-00656,T2,24.1,5.9,84.6,57.2,2026-02-15
STU-00656,T3,60.6,6.3,70.6,26.0,2026-05-15
STU-00657,T1,25.2,6.9,81.9,64.8,2025-10-15
STU-00657,T2,37.9,5.0,59.4,41.7,2026-02-15
STU-00657,T3,58.0,5.2,78.8,45.0,2026-05-15
STU-00658,T1,63.8,5.2,69.7,62.3,2025-10-15
STU-00658,T2,36.3,5.6,68.0,26.6,2026-02-15
STU-00658,T3,31.7,6.0,63.4,49.1,2026-05-15
STU-00659,T1,52.5,5.2,52.5,56.7,2025-10-15
STU-00659,T2,65.5,6.2,66.5,38.4,2026-02-15
STU-00659,T3,51.7,5.8,77.8,70.2,2026-05-15
STU-00660,T1,68.4,5.5,68.3,35.8,2025-10-15
STU-00660,T2,78.1,4.5,51.5,51.3,2026-02-15
STU-00660,T3,49.1,5.7,63.1,48.2,2026-05-15
STU-00661,T1,58.8,6.8,74.0,52.8,2025-10-15
STU-00661,T2,57.4,5.2,71.8,65.5,2026-02-15
STU-00661,T3,42.2,6.8,81.2,64.7,2026-05-15
STU-00662,T1,46.6,4.7,69.1,35.1,2025-10-15
STU-00662,T2,48.5,5.6,69.3,66.0,2026-02-15
STU-00662,T3,49.1,6.1,70.2,63.1,2026-05-15
STU-00663,T1,34.4,6.6,80.5,44.4,2025-10-15
STU-00663,T2,54.5,6.9,75.7,34.4,2026-02-15
STU-00663,T3,50.8,6.0,71.8,50.0,2026-05-15
STU-00664,T1,43.9,6.2,81.1,48.9,2025-10-15
STU-00664,T2,32.6,6.2,73.2,46.1,2026-02-15
STU-00664,T3,64.5,4.3,64.3,51.6,2026-05-15
STU-00665,T1,39.0,6.6,63.3,37.6,2025-10-15
STU-00665,T2,56.9,6.0,70.4,62.9,2026-02-15
STU-00665,T3,23.2,6.7,61.3,45.8,2026-05-15
STU-00666,T1,56.0,5.2,48.2,65.0,2025-10-15
STU-00666,T2,32.4,5.6,84.0,56.0,2026-02-15
STU-00666,T3,33.7,6.6,58.3,46.1,2026-05-15
STU-00667,T1,41.7,6.3,73.8,44.4,2025-10-15
STU-00667,T2,39.0,6.2,76.6,51.6,2026-02-15
STU-00667,T3,45.6,6.2,70.7,27.0,2026-05-15
STU-00668,T1,57.7,7.1,73.6,44.7,2025-10-15
STU-00668,T2,56.9,6.9,64.9,38.2,2026-02-15
STU-00668,T3,31.1,5.9,78.1,54.0,2026-05-15
STU-00669,T1,61.9,7.4,72.2,44.0,2025-10-15
STU-00669,T2,56.1,6.1,61.7,39.2,2026-02-15
STU-00669,T3,46.7,6.8,62.2,38.7,2026-05-15
STU-00670,T1,26.9,6.1,81.9,45.7,2025-10-15
STU-00670,T2,46.0,6.1,90.5,78.2,2026-02-15
STU-00670,T3,33.2,5.5,79.4,64.0,2026-05-15
STU-00671,T1,47.3,5.4,81.3,53.8,2025-10-15
STU-00671,T2,53.7,6.8,71.6,36.2,2026-02-15
STU-00671,T3,23.3,5.7,81.1,55.2,2026-05-15
STU-00672,T1,16.4,6.9,85.5,53.9,2025-10-15
STU-00672,T2,73.0,5.3,70.5,33.1,2026-02-15
STU-00672,T3,39.1,7.6,75.8,27.0,2026-05-15
STU-00673,T1,33.2,7.3,85.8,45.1,2025-10-15
STU-00673,T2,31.4,7.3,82.6,58.4,2026-02-15
STU-00673,T3,45.7,7.3,82.5,32.6,2026-05-15
STU-00674,T1,49.3,5.1,69.0,59.4,2025-10-15
STU-00674,T2,44.7,5.8,73.2,33.1,2026-02-15
STU-00674,T3,38.1,6.6,68.3,38.8,2026-05-15
STU-00675,T1,61.2,6.5,65.2,56.7,2025-10-15
STU-00675,T2,39.5,6.5,75.5,67.7,2026-02-15
STU-00675,T3,37.2,5.8,80.0,29.6,2026-05-15
STU-00676,T1,42.8,6.0,70.3,18.2,2025-10-15
STU-00676,T2,61.3,5.4,59.9,57.6,2026-02-15
STU-00676,T3,42.6,6.2,60.6,32.3,2026-05-15
STU-00677,T1,47.4,5.1,64.9,42.7,2025-10-15
STU-00677,T2,48.4,6.8,76.2,50.1,2026-02-15
STU-00677,T3,55.8,5.3,65.3,61.3,2026-05-15
STU-00678,T1,48.8,6.0,73.3,54.8,2025-10-15
STU-00678,T2,29.3,5.4,73.9,49.7,2026-02-15
STU-00678,T3,29.1,6.8,78.7,33.3,2026-05-15
STU-00679,T1,54.8,6.4,79.0,60.9,2025-10-15
STU-00679,T2,42.4,7.2,89.5,25.4,2026-02-15
STU-00679,T3,48.9,5.2,61.6,45.5,2026-05-15
STU-00680,T1,41.5,7.8,81.0,41.1,2025-10-15
STU-00680,T2,48.4,6.0,65.7,44.5,2026-02-15
STU-00680,T3,24.9,5.9,72.3,68.0,2026-05-15
STU-00681,T1,39.4,6.1,61.8,30.2,2025-10-15
STU-00681,T2,47.0,4.1,74.0,44.4,2026-02-15
STU-00681,T3,45.2,6.6,61.4,28.2,2026-05-15
STU-00682,T1,30.0,5.6,51.3,71.9,2025-10-15
STU-00682,T2,53.6,6.2,57.0,37.2,2026-02-15
STU-00682,T3,46.3,7.0,49.1,45.1,2026-05-15
STU-00683,T1,31.2,5.2,69.9,46.1,2025-10-15
STU-00683,T2,15.4,5.7,86.4,51.2,2026-02-15
STU-00683,T3,61.7,4.5,61.6,39.6,2026-05-15
STU-00684,T1,29.5,5.8,71.6,34.8,2025-10-15
STU-00684,T2,61.0,5.8,66.3,47.5,2026-02-15
STU-00684,T3,67.5,6.0,61.1,32.4,2026-05-15
STU-00685,T1,40.4,6.4,82.9,49.3,2025-10-15
STU-00685,T2,34.6,7.1,81.5,38.5,2026-02-15
STU-00685,T3,39.9,6.1,77.1,36.0,2026-05-15
STU-00686,T1,30.0,7.1,68.5,63.8,2025-10-15
STU-00686,T2,60.5,5.9,59.1,38.4,2026-02-15
STU-00686,T3,40.2,6.3,76.0,40.6,2026-05-15
STU-00687,T1,46.1,6.5,72.0,60.4,2025-10-15
STU-00687,T2,46.1,6.3,67.8,36.3,2026-02-15
STU-00687,T3,36.2,6.5,76.6,49.0,2026-05-15
STU-00688,T1,30.2,6.9,77.1,47.7,2025-10-15
STU-00688,T2,65.8,5.3,77.1,52.1,2026-02-15
STU-00688,T3,42.6,6.7,83.8,58.8,2026-05-15
STU-00689,T1,37.2,7.2,84.8,62.1,2025-10-15
STU-00689,T2,32.4,6.4,74.9,55.8,2026-02-15
STU-00689,T3,23.5,6.1,80.7,30.8,2026-05-15
STU-00690,T1,48.8,5.7,63.8,31.7,2025-10-15
STU-00690,T2,31.1,6.0,75.7,48.4,2026-02-15
STU-00690,T3,47.8,5.5,82.8,28.9,2026-05-15
STU-00691,T1,36.4,5.2,65.1,43.6,2025-10-15
STU-00691,T2,47.3,6.6,69.0,43.9,2026-02-15
STU-00691,T3,58.9,6.0,56.0,56.1,2026-05-15
STU-00692,T1,48.5,5.9,68.7,71.9,2025-10-15
STU-00692,T2,51.2,7.0,71.8,47.3,2026-02-15
STU-00692,T3,38.7,6.1,73.6,40.5,2026-05-15
STU-00693,T1,35.6,4.3,70.9,51.8,2025-10-15
STU-00693,T2,44.0,6.2,85.2,24.5,2026-02-15
STU-00693,T3,39.3,5.1,77.9,36.9,2026-05-15
STU-00694,T1,32.3,6.4,74.0,62.9,2025-10-15
STU-00694,T2,53.9,5.9,72.2,38.7,2026-02-15
STU-00694,T3,29.3,6.1,87.7,33.4,2026-05-15
STU-00695,T1,36.3,6.2,76.5,39.5,2025-10-15
STU-00695,T2,49.0,5.7,84.2,52.1,2026-02-15
STU-00695,T3,36.9,6.9,77.9,51.9,2026-05-15
STU-00696,T1,33.2,6.6,76.7,34.3,2025-10-15
STU-00696,T2,36.3,5.8,66.6,25.4,2026-02-15
STU-00696,T3,41.9,6.6,71.2,58.1,2026-05-15
STU-00697,T1,54.1,6.0,74.6,30.1,2025-10-15
STU-00697,T2,24.7,7.1,86.3,68.0,2026-02-15
STU-00697,T3,62.7,7.8,62.8,31.5,2026-05-15
STU-00698,T1,45.5,4.8,68.0,63.3,2025-10-15
STU-00698,T2,58.8,4.6,64.4,38.2,2026-02-15
STU-00698,T3,31.8,6.1,74.0,33.7,2026-05-15
STU-00699,T1,46.2,8.4,82.9,44.3,2025-10-15
STU-00699,T2,9.6,6.5,90.5,44.3,2026-02-15
STU-00699,T3,53.6,7.4,73.3,48.1,2026-05-15
STU-00700,T1,42.5,4.8,64.9,47.3,2025-10-15
STU-00700,T2,51.6,6.9,70.8,40.0,2026-02-15
STU-00700,T3,40.9,7.2,71.2,46.1,2026-05-15
STU-00701,T1,24.1,6.9,66.7,55.6,2025-10-15
STU-00701,T2,44.0,6.0,65.6,37.7,2026-02-15
STU-00701,T3,42.0,5.3,62.5,49.6,2026-05-15
STU-00702,T1,55.5,5.5,81.2,33.4,2025-10-15
STU-00702,T2,45.6,7.1,68.9,34.6,2026-02-15
STU-00702,T3,44.7,5.6,61.3,58.3,2026-05-15
STU-00703,T1,45.2,6.7,68.8,17.7,2025-10-15
STU-00703,T2,44.7,5.7,82.8,50.5,2026-02-15
STU-00703,T3,16.1,7.8,82.7,37.0,2026-05-15
STU-00704,T1,59.3,4.5,50.6,66.5,2025-10-15
STU-00704,T2,55.8,5.7,59.5,49.1,2026-02-15
STU-00704,T3,36.8,6.3,66.3,50.1,2026-05-15
STU-00705,T1,48.2,5.5,57.5,30.8,2025-10-15
STU-00705,T2,41.5,5.5,74.8,30.9,2026-02-15
STU-00705,T3,37.6,5.4,73.6,43.5,2026-05-15
STU-00706,T1,64.4,6.2,73.1,44.5,2025-10-15
STU-00706,T2,35.7,7.3,61.9,36.3,2026-02-15
STU-00706,T3,61.0,6.0,52.2,28.8,2026-05-15
STU-00707,T1,32.3,6.3,60.7,29.5,2025-10-15
STU-00707,T2,41.3,5.8,76.6,48.2,2026-02-15
STU-00707,T3,57.1,5.6,56.9,40.6,2026-05-15
STU-00708,T1,50.3,6.8,58.7,27.0,2025-10-15
STU-00708,T2,48.7,6.9,67.0,38.9,2026-02-15
STU-00708,T3,42.6,5.9,51.6,29.0,2026-05-15
STU-00709,T1,47.9,5.9,74.0,45.8,2025-10-15
STU-00709,T2,60.8,5.4,61.0,67.1,2026-02-15
STU-00709,T3,50.0,7.6,78.3,59.4,2026-05-15
STU-00710,T1,42.7,5.4,72.9,47.8,2025-10-15
STU-00710,T2,44.5,7.3,71.8,51.5,2026-02-15
STU-00710,T3,67.4,6.1,75.4,26.4,2026-05-15
STU-00711,T1,64.4,4.8,66.8,44.3,2025-10-15
STU-00711,T2,39.6,7.0,64.3,64.7,2026-02-15
STU-00711,T3,52.6,5.5,58.7,44.0,2026-05-15
STU-00712,T1,48.1,6.7,66.8,45.3,2025-10-15
STU-00712,T2,62.8,4.6,66.2,33.3,2026-02-15
STU-00712,T3,40.5,6.2,66.4,53.5,2026-05-15
STU-00713,T1,51.4,5.8,67.0,52.5,2025-10-15
STU-00713,T2,24.3,6.3,94.3,45.8,2026-02-15
STU-00713,T3,52.2,6.7,67.0,38.8,2026-05-15
STU-00714,T1,68.0,6.8,68.4,51.5,2025-10-15
STU-00714,T2,67.1,5.8,65.8,43.0,2026-02-15
STU-00714,T3,28.0,7.8,87.7,59.0,2026-05-15
STU-00715,T1,58.9,6.9,74.3,20.7,2025-10-15
STU-00715,T2,58.8,6.3,68.2,57.8,2026-02-15
STU-00715,T3,39.6,6.5,74.3,48.4,2026-05-15
STU-00716,T1,54.7,4.8,68.9,65.2,2025-10-15
STU-00716,T2,44.4,5.1,87.7,38.5,2026-02-15
STU-00716,T3,56.4,6.3,61.7,64.3,2026-05-15
STU-00717,T1,63.6,5.5,53.7,52.7,2025-10-15
STU-00717,T2,68.8,6.3,54.4,42.6,2026-02-15
STU-00717,T3,42.7,7.4,73.0,63.4,2026-05-15
STU-00718,T1,50.8,5.9,52.1,49.2,2025-10-15
STU-00718,T2,44.9,6.8,57.4,25.0,2026-02-15
STU-00718,T3,65.9,7.5,61.2,26.8,2026-05-15
STU-00719,T1,31.6,6.0,83.5,29.8,2025-10-15
STU-00719,T2,52.0,6.6,79.1,30.3,2026-02-15
STU-00719,T3,55.6,6.6,65.3,43.3,2026-05-15
STU-00720,T1,27.6,6.1,74.3,41.9,2025-10-15
STU-00720,T2,49.9,6.5,69.5,51.4,2026-02-15
STU-00720,T3,54.8,5.6,70.5,54.1,2026-05-15
STU-00721,T1,54.2,5.9,62.1,45.6,2025-10-15
STU-00721,T2,44.6,7.3,68.3,58.8,2026-02-15
STU-00721,T3,57.7,6.9,61.5,32.6,2026-05-15
STU-00722,T1,36.8,6.3,75.6,47.2,2025-10-15
STU-00722,T2,60.6,5.5,61.2,45.5,2026-02-15
STU-00722,T3,61.3,5.5,63.1,45.0,2026-05-15
STU-00723,T1,46.2,5.3,61.1,15.3,2025-10-15
STU-00723,T2,50.6,6.2,76.8,30.1,2026-02-15
STU-00723,T3,51.3,6.4,56.6,29.0,2026-05-15
STU-00724,T1,51.7,6.2,68.1,45.5,2025-10-15
STU-00724,T2,46.6,6.3,72.2,34.6,2026-02-15
STU-00724,T3,36.2,7.4,85.9,36.8,2026-05-15
STU-00725,T1,42.5,6.6,74.1,55.9,2025-10-15
STU-00725,T2,62.6,6.4,58.7,37.5,2026-02-15
STU-00725,T3,42.1,5.9,65.9,55.7,2026-05-15
STU-00726,T1,66.8,6.7,67.5,54.2,2025-10-15
STU-00726,T2,44.8,6.7,77.9,65.3,2026-02-15
STU-00726,T3,29.7,6.7,78.6,42.7,2026-05-15
STU-00727,T1,59.6,6.0,70.8,57.4,2025-10-15
STU-00727,T2,50.2,6.6,71.9,34.4,2026-02-15
STU-00727,T3,50.4,4.6,69.2,49.2,2026-05-15
STU-00728,T1,22.9,6.5,81.9,45.3,2025-10-15
STU-00728,T2,36.1,6.2,75.8,47.4,2026-02-15
STU-00728,T3,47.6,6.8,79.8,47.7,2026-05-15
STU-00729,T1,63.8,5.4,55.1,38.4,2025-10-15
STU-00729,T2,63.7,6.2,50.7,61.0,2026-02-15
STU-00729,T3,47.6,5.6,55.0,64.3,2026-05-15
STU-00730,T1,58.2,6.4,66.7,23.5,2025-10-15
STU-00730,T2,61.0,6.4,69.8,48.1,2026-02-15
STU-00730,T3,54.1,5.4,52.1,59.7,2026-05-15
STU-00731,T1,43.5,4.0,73.6,27.4,2025-10-15
STU-00731,T2,42.0,4.4,57.5,54.7,2026-02-15
STU-00731,T3,34.6,6.2,89.2,17.9,2026-05-15
STU-00732,T1,32.8,6.1,75.7,57.6,2025-10-15
STU-00732,T2,59.1,5.8,70.7,46.4,2026-02-15
STU-00732,T3,39.4,6.1,81.8,46.9,2026-05-15
STU-00733,T1,49.8,6.1,48.7,28.2,2025-10-15
STU-00733,T2,53.9,5.8,69.9,42.5,2026-02-15
STU-00733,T3,33.3,6.5,80.3,38.2,2026-05-15
STU-00734,T1,46.9,6.1,84.4,80.1,2025-10-15
STU-00734,T2,57.7,6.9,81.9,41.0,2026-02-15
STU-00734,T3,45.0,5.9,68.9,36.6,2026-05-15
STU-00735,T1,51.1,4.8,58.8,61.2,2025-10-15
STU-00735,T2,50.4,5.5,68.0,45.4,2026-02-15
STU-00735,T3,37.7,6.3,71.0,37.2,2026-05-15
STU-00736,T1,57.7,5.9,62.9,35.5,2025-10-15
STU-00736,T2,63.3,4.6,63.0,22.8,2026-02-15
STU-00736,T3,52.0,4.4,52.8,48.1,2026-05-15
STU-00737,T1,62.2,5.0,72.7,25.8,2025-10-15
STU-00737,T2,30.7,7.1,76.8,60.5,2026-02-15
STU-00737,T3,45.6,7.7,78.4,38.2,2026-05-15
STU-00738,T1,54.9,6.7,74.0,18.6,2025-10-15
STU-00738,T2,39.6,6.7,66.3,34.5,2026-02-15
STU-00738,T3,37.7,6.4,59.1,57.2,2026-05-15
STU-00739,T1,47.8,6.0,66.5,42.2,2025-10-15
STU-00739,T2,49.3,4.6,72.1,51.9,2026-02-15
STU-00739,T3,63.2,6.2,74.3,42.4,2026-05-15
STU-00740,T1,62.3,5.8,56.7,38.1,2025-10-15
STU-00740,T2,51.1,5.5,78.3,42.0,2026-02-15
STU-00740,T3,32.1,5.2,80.2,46.0,2026-05-15
STU-00741,T1,51.5,5.5,61.3,38.7,2025-10-15
STU-00741,T2,56.7,5.3,86.9,54.0,2026-02-15
STU-00741,T3,58.4,5.9,62.5,43.3,2026-05-15
STU-00742,T1,56.2,5.5,60.5,60.8,2025-10-15
STU-00742,T2,59.9,6.6,76.2,55.0,2026-02-15
STU-00742,T3,43.4,6.5,66.6,29.7,2026-05-15
STU-00743,T1,41.0,6.6,80.3,51.3,2025-10-15
STU-00743,T2,36.0,7.3,69.1,54.3,2026-02-15
STU-00743,T3,45.8,6.5,81.6,23.3,2026-05-15
STU-00744,T1,49.8,7.8,62.5,38.9,2025-10-15
STU-00744,T2,33.0,7.8,86.7,21.8,2026-02-15
STU-00744,T3,39.5,6.3,65.6,33.5,2026-05-15
STU-00745,T1,38.4,8.5,60.7,55.8,2025-10-15
STU-00745,T2,43.6,5.9,63.6,49.6,2026-02-15
STU-00745,T3,32.9,5.0,64.6,54.1,2026-05-15
STU-00746,T1,53.0,7.3,68.8,49.6,2025-10-15
STU-00746,T2,54.3,5.2,72.5,55.1,2026-02-15
STU-00746,T3,48.7,5.6,69.2,57.4,2026-05-15
STU-00747,T1,65.2,5.4,69.8,21.7,2025-10-15
STU-00747,T2,43.9,6.5,73.4,49.2,2026-02-15
STU-00747,T3,29.5,7.0,81.2,36.8,2026-05-15
STU-00748,T1,48.1,6.5,79.1,29.7,2025-10-15
STU-00748,T2,31.5,6.2,73.4,58.1,2026-02-15
STU-00748,T3,29.7,7.0,85.4,42.4,2026-05-15
STU-00749,T1,44.4,6.1,68.6,44.6,2025-10-15
STU-00749,T2,39.6,6.6,83.0,60.9,2026-02-15
STU-00749,T3,42.3,6.9,65.6,38.7,2026-05-15
STU-00750,T1,45.0,5.7,92.6,51.8,2025-10-15
STU-00750,T2,41.9,5.5,79.3,43.6,2026-02-15
STU-00750,T3,44.0,7.3,75.8,48.8,2026-05-15
STU-00751,T1,37.5,7.3,70.4,39.3,2025-10-15
STU-00751,T2,65.3,6.8,64.5,45.9,2026-02-15
STU-00751,T3,62.3,5.5,73.1,30.6,2026-05-15
STU-00752,T1,42.1,6.6,65.9,38.6,2025-10-15
STU-00752,T2,53.1,5.8,67.2,50.2,2026-02-15
STU-00752,T3,32.0,5.7,70.4,49.4,2026-05-15
STU-00753,T1,29.9,6.3,89.8,62.8,2025-10-15
STU-00753,T2,39.4,6.6,85.1,49.6,2026-02-15
STU-00753,T3,69.2,4.9,70.3,57.9,2026-05-15
STU-00754,T1,27.7,6.7,86.4,55.2,2025-10-15
STU-00754,T2,61.1,6.1,65.3,34.1,2026-02-15
STU-00754,T3,53.6,4.9,64.8,48.1,2026-05-15
STU-00755,T1,34.9,7.0,67.1,26.3,2025-10-15
STU-00755,T2,56.2,6.4,59.5,28.9,2026-02-15
STU-00755,T3,34.3,7.7,77.1,41.5,2026-05-15
STU-00756,T1,39.4,6.7,74.4,37.3,2025-10-15
STU-00756,T2,69.2,6.0,62.5,51.8,2026-02-15
STU-00756,T3,23.1,5.0,77.9,42.6,2026-05-15
STU-00757,T1,44.6,6.4,67.8,44.2,2025-10-15
STU-00757,T2,40.8,6.4,72.2,69.1,2026-02-15
STU-00757,T3,48.2,6.8,76.1,37.5,2026-05-15
STU-00758,T1,42.6,6.2,74.2,29.9,2025-10-15
STU-00758,T2,64.3,6.0,60.4,41.0,2026-02-15
STU-00758,T3,52.2,5.7,66.0,67.5,2026-05-15
STU-00759,T1,37.0,6.5,80.4,40.4,2025-10-15
STU-00759,T2,38.8,6.3,73.9,52.1,2026-02-15
STU-00759,T3,38.5,5.6,79.0,12.5,2026-05-15
STU-00760,T1,41.7,5.8,70.0,47.8,2025-10-15
STU-00760,T2,65.5,5.2,57.7,48.9,2026-02-15
STU-00760,T3,52.5,5.5,60.2,43.5,2026-05-15
STU-00761,T1,33.1,6.0,66.7,14.8,2025-10-15
STU-00761,T2,41.8,5.6,81.2,31.3,2026-02-15
STU-00761,T3,31.1,6.4,84.0,20.8,2026-05-15
STU-00762,T1,40.9,5.8,67.5,37.2,2025-10-15
STU-00762,T2,45.3,6.4,65.2,50.4,2026-02-15
STU-00762,T3,58.0,6.4,74.7,28.6,2026-05-15
STU-00763,T1,54.6,6.1,70.6,39.8,2025-10-15
STU-00763,T2,66.9,7.7,62.9,43.0,2026-02-15
STU-00763,T3,46.3,5.8,61.2,56.2,2026-05-15
STU-00764,T1,28.4,6.8,66.3,40.1,2025-10-15
STU-00764,T2,49.0,6.7,76.8,53.2,2026-02-15
STU-00764,T3,51.7,5.4,78.2,59.5,2026-05-15
STU-00765,T1,19.1,6.9,73.2,25.6,2025-10-15
STU-00765,T2,51.8,6.3,64.4,53.3,2026-02-15
STU-00765,T3,36.1,5.9,86.2,14.5,2026-05-15
STU-00766,T1,47.2,5.2,68.6,29.7,2025-10-15
STU-00766,T2,51.3,5.6,59.0,39.2,2026-02-15
STU-00766,T3,40.1,5.3,61.5,52.9,2026-05-15
STU-00767,T1,54.2,5.8,83.6,40.0,2025-10-15
STU-00767,T2,53.0,5.7,76.7,18.7,2026-02-15
STU-00767,T3,43.7,5.8,65.5,60.6,2026-05-15
STU-00768,T1,47.7,5.6,80.2,28.1,2025-10-15
STU-00768,T2,32.8,6.2,80.8,42.4,2026-02-15
STU-00768,T3,40.0,6.4,70.8,47.0,2026-05-15
STU-00769,T1,48.7,6.7,64.2,29.3,2025-10-15
STU-00769,T2,51.3,4.9,63.5,52.3,2026-02-15
STU-00769,T3,46.4,6.0,64.8,23.6,2026-05-15
STU-00770,T1,54.0,5.6,58.1,44.3,2025-10-15
STU-00770,T2,57.5,5.9,59.4,46.7,2026-02-15
STU-00770,T3,37.1,6.9,69.4,65.8,2026-05-15
STU-00771,T1,68.7,6.0,66.5,33.9,2025-10-15
STU-00771,T2,55.9,6.7,71.0,46.7,2026-02-15
STU-00771,T3,35.5,6.4,67.8,39.0,2026-05-15
STU-00772,T1,42.0,7.2,58.7,32.2,2025-10-15
STU-00772,T2,41.9,6.7,63.0,42.7,2026-02-15
STU-00772,T3,57.1,6.0,65.2,40.9,2026-05-15
STU-00773,T1,41.1,6.3,64.8,56.7,2025-10-15
STU-00773,T2,24.7,6.4,67.7,44.1,2026-02-15
STU-00773,T3,48.9,6.1,59.2,42.9,2026-05-15
STU-00774,T1,38.2,6.4,73.2,41.1,2025-10-15
STU-00774,T2,39.2,3.5,70.4,43.4,2026-02-15
STU-00774,T3,53.5,5.8,75.6,57.1,2026-05-15
STU-00775,T1,32.4,6.2,67.1,47.7,2025-10-15
STU-00775,T2,41.1,5.7,61.7,46.4,2026-02-15
STU-00775,T3,59.8,4.8,57.2,64.1,2026-05-15
STU-00776,T1,31.0,6.3,84.3,35.2,2025-10-15
STU-00776,T2,58.1,6.1,80.6,53.5,2026-02-15
STU-00776,T3,41.2,5.6,67.0,38.2,2026-05-15
STU-00777,T1,38.6,6.6,77.1,53.8,2025-10-15
STU-00777,T2,38.5,5.6,80.7,49.5,2026-02-15
STU-00777,T3,52.6,6.4,84.3,37.3,2026-05-15
STU-00778,T1,47.3,5.9,62.8,49.1,2025-10-15
STU-00778,T2,36.9,5.2,67.2,48.2,2026-02-15
STU-00778,T3,40.7,6.8,78.3,23.9,2026-05-15
STU-00779,T1,58.7,5.8,65.4,50.3,2025-10-15
STU-00779,T2,38.7,7.6,63.7,51.3,2026-02-15
STU-00779,T3,41.9,3.8,62.4,71.6,2026-05-15
STU-00780,T1,53.1,4.7,69.6,53.4,2025-10-15
STU-00780,T2,51.9,6.2,63.0,32.2,2026-02-15
STU-00780,T3,55.4,5.9,53.8,55.5,2026-05-15
STU-00781,T1,42.6,7.3,72.5,51.6,2025-10-15
STU-00781,T2,37.4,5.8,70.8,15.9,2026-02-15
STU-00781,T3,63.2,6.4,66.6,40.8,2026-05-15
STU-00782,T1,59.0,7.7,56.1,51.7,2025-10-15
STU-00782,T2,39.4,4.8,74.7,55.6,2026-02-15
STU-00782,T3,63.0,6.6,57.7,41.5,2026-05-15
STU-00783,T1,26.1,7.2,77.7,41.4,2025-10-15
STU-00783,T2,48.6,6.8,71.4,33.6,2026-02-15
STU-00783,T3,50.7,6.5,80.2,57.5,2026-05-15
STU-00784,T1,47.1,6.6,58.5,47.9,2025-10-15
STU-00784,T2,45.0,6.4,69.7,30.2,2026-02-15
STU-00784,T3,46.5,6.2,69.4,49.0,2026-05-15
STU-00785,T1,47.3,4.8,63.7,23.6,2025-10-15
STU-00785,T2,65.2,5.1,59.1,43.7,2026-02-15
STU-00785,T3,23.6,7.8,95.0,45.8,2026-05-15
STU-00786,T1,20.9,4.8,65.2,44.8,2025-10-15
STU-00786,T2,57.4,7.1,65.5,49.2,2026-02-15
STU-00786,T3,48.3,4.8,62.4,57.2,2026-05-15
STU-00787,T1,33.2,6.9,69.1,47.9,2025-10-15
STU-00787,T2,42.9,5.7,63.8,40.9,2026-02-15
STU-00787,T3,55.3,4.8,67.3,46.9,2026-05-15
STU-00788,T1,54.3,5.5,66.6,39.7,2025-10-15
STU-00788,T2,30.2,6.8,76.2,31.2,2026-02-15
STU-00788,T3,34.0,6.6,90.8,33.6,2026-05-15
STU-00789,T1,23.6,6.0,85.1,67.3,2025-10-15
STU-00789,T2,41.1,6.9,75.2,49.6,2026-02-15
STU-00789,T3,52.4,6.8,63.0,47.1,2026-05-15
STU-00790,T1,47.3,7.2,77.9,41.6,2025-10-15
STU-00790,T2,52.7,6.2,81.1,52.5,2026-02-15
STU-00790,T3,63.6,6.2,62.4,44.9,2026-05-15
STU-00791,T1,57.5,6.8,65.1,39.9,2025-10-15
STU-00791,T2,71.9,7.9,50.6,37.1,2026-02-15
STU-00791,T3,50.9,7.2,65.6,29.7,2026-05-15
STU-00792,T1,42.5,6.5,75.7,41.8,2025-10-15
STU-00792,T2,82.5,6.2,56.8,20.8,2026-02-15
STU-00792,T3,50.6,5.2,61.7,53.1,2026-05-15
STU-00793,T1,39.3,6.8,76.7,49.3,2025-10-15
STU-00793,T2,48.2,6.4,64.3,39.0,2026-02-15
STU-00793,T3,27.1,5.6,75.6,31.8,2026-05-15
STU-00794,T1,53.6,5.9,65.1,41.6,2025-10-15
STU-00794,T2,56.6,5.9,72.8,36.8,2026-02-15
STU-00794,T3,38.9,6.9,61.2,28.7,2026-05-15
STU-00795,T1,37.9,6.2,72.7,78.5,2025-10-15
STU-00795,T2,50.4,6.0,63.1,60.5,2026-02-15
STU-00795,T3,61.0,6.7,74.7,58.0,2026-05-15
STU-00796,T1,51.9,6.3,73.9,26.1,2025-10-15
STU-00796,T2,48.9,5.6,57.6,54.1,2026-02-15
STU-00796,T3,54.6,7.2,56.3,47.0,2026-05-15
STU-00797,T1,36.1,6.9,71.3,47.1,2025-10-15
STU-00797,T2,70.7,7.1,62.0,50.2,2026-02-15
STU-00797,T3,52.2,6.3,76.9,33.7,2026-05-15
STU-00798,T1,33.0,6.3,75.6,49.2,2025-10-15
STU-00798,T2,46.1,4.9,63.2,32.2,2026-02-15
STU-00798,T3,56.4,4.6,37.2,28.0,2026-05-15
STU-00799,T1,51.5,4.5,60.3,31.8,2025-10-15
STU-00799,T2,67.8,5.1,63.7,56.3,2026-02-15
STU-00799,T3,48.0,4.9,70.2,26.1,2026-05-15
STU-00800,T1,55.1,7.7,79.6,59.6,2025-10-15
STU-00800,T2,74.0,5.9,73.1,56.4,2026-02-15
STU-00800,T3,37.5,6.7,83.0,48.1,2026-05-15
STU-00801,T1,44.1,7.5,67.7,32.6,2025-10-15
STU-00801,T2,64.2,5.4,63.3,59.2,2026-02-15
STU-00801,T3,60.3,4.9,64.0,36.8,2026-05-15
STU-00802,T1,46.3,4.5,66.8,50.7,2025-10-15
STU-00802,T2,51.6,6.1,65.8,77.6,2026-02-15
STU-00802,T3,51.3,6.3,58.1,50.0,2026-05-15
STU-00803,T1,40.9,7.3,71.3,22.4,2025-10-15
STU-00803,T2,29.1,6.4,69.3,39.9,2026-02-15
STU-00803,T3,39.0,5.9,53.9,62.1,2026-05-15
STU-00804,T1,20.6,6.9,82.6,34.9,2025-10-15
STU-00804,T2,51.7,6.3,58.4,37.6,2026-02-15
STU-00804,T3,48.1,6.8,75.9,45.1,2026-05-15
STU-00805,T1,34.9,7.0,80.1,68.0,2025-10-15
STU-00805,T2,40.9,7.8,76.4,29.9,2026-02-15
STU-00805,T3,46.0,5.0,74.2,53.4,2026-05-15
STU-00806,T1,46.5,7.5,82.4,28.5,2025-10-15
STU-00806,T2,35.4,8.0,77.0,45.4,2026-02-15
STU-00806,T3,40.3,6.2,75.3,39.9,2026-05-15
STU-00807,T1,57.3,5.7,72.5,35.2,2025-10-15
STU-00807,T2,57.3,6.3,61.2,21.7,2026-02-15
STU-00807,T3,36.3,5.6,73.2,25.9,2026-05-15
STU-00808,T1,45.7,6.2,68.2,38.0,2025-10-15
STU-00808,T2,61.4,5.7,64.0,34.1,2026-02-15
STU-00808,T3,58.2,6.6,65.4,43.3,2026-05-15
STU-00809,T1,39.6,6.6,86.7,43.8,2025-10-15
STU-00809,T2,68.9,7.1,64.4,55.5,2026-02-15
STU-00809,T3,24.5,6.3,89.1,48.6,2026-05-15
STU-00810,T1,52.8,4.6,50.8,54.9,2025-10-15
STU-00810,T2,51.6,6.3,72.8,45.2,2026-02-15
STU-00810,T3,33.6,6.1,74.2,47.9,2026-05-15
STU-00811,T1,41.5,5.2,69.1,51.1,2025-10-15
STU-00811,T2,51.6,6.2,68.2,28.8,2026-02-15
STU-00811,T3,53.5,8.3,72.9,42.4,2026-05-15
STU-00812,T1,42.7,5.3,66.6,57.7,2025-10-15
STU-00812,T2,43.6,5.5,69.1,50.8,2026-02-15
STU-00812,T3,52.5,5.4,59.9,44.7,2026-05-15
STU-00813,T1,32.3,6.7,76.7,60.0,2025-10-15
STU-00813,T2,59.1,5.7,63.2,57.5,2026-02-15
STU-00813,T3,57.3,3.6,61.4,26.4,2026-05-15
STU-00814,T1,41.9,6.7,77.5,56.7,2025-10-15
STU-00814,T2,46.2,6.1,65.8,66.7,2026-02-15
STU-00814,T3,62.3,5.9,58.7,53.1,2026-05-15
STU-00815,T1,47.7,6.6,84.8,26.2,2025-10-15
STU-00815,T2,53.9,5.7,74.0,30.4,2026-02-15
STU-00815,T3,46.8,5.6,63.8,50.0,2026-05-15
STU-00816,T1,33.8,5.2,66.0,37.0,2025-10-15
STU-00816,T2,46.2,6.0,64.8,51.4,2026-02-15
STU-00816,T3,36.5,6.7,74.9,40.9,2026-05-15
STU-00817,T1,51.5,6.2,65.8,26.3,2025-10-15
STU-00817,T2,26.0,7.0,73.2,33.7,2026-02-15
STU-00817,T3,9.8,5.8,83.9,46.7,2026-05-15
STU-00818,T1,53.1,6.6,64.2,52.9,2025-10-15
STU-00818,T2,70.5,6.4,53.2,53.2,2026-02-15
STU-00818,T3,26.1,6.9,78.2,46.9,2026-05-15
STU-00819,T1,34.2,6.0,74.7,52.8,2025-10-15
STU-00819,T2,52.2,5.1,80.3,70.3,2026-02-15
STU-00819,T3,46.0,5.8,84.5,62.3,2026-05-15
STU-00820,T1,35.6,7.1,75.5,69.5,2025-10-15
STU-00820,T2,51.4,6.0,60.6,53.2,2026-02-15
STU-00820,T3,45.3,5.5,66.0,43.3,2026-05-15
STU-00821,T1,53.6,7.0,71.8,43.2,2025-10-15
STU-00821,T2,52.6,4.7,55.6,37.0,2026-02-15
STU-00821,T3,33.3,5.8,80.0,54.0,2026-05-15
STU-00822,T1,33.7,6.8,75.6,56.0,2025-10-15
STU-00822,T2,48.5,6.9,79.9,32.5,2026-02-15
STU-00822,T3,52.4,5.0,62.8,52.4,2026-05-15
STU-00823,T1,63.6,5.9,66.8,49.8,2025-10-15
STU-00823,T2,50.8,6.0,57.4,72.8,2026-02-15
STU-00823,T3,61.8,6.6,55.9,43.4,2026-05-15
STU-00824,T1,58.8,5.8,67.0,32.7,2025-10-15
STU-00824,T2,61.2,5.8,62.9,13.4,2026-02-15
STU-00824,T3,28.5,7.3,93.6,41.1,2026-05-15
STU-00825,T1,30.3,5.3,68.2,43.2,2025-10-15
STU-00825,T2,40.9,5.7,78.5,37.2,2026-02-15
STU-00825,T3,45.9,7.3,67.8,54.6,2026-05-15
STU-00826,T1,49.0,6.6,77.0,32.0,2025-10-15
STU-00826,T2,65.4,6.6,61.3,49.8,2026-02-15
STU-00826,T3,27.5,7.2,73.2,50.0,2026-05-15
STU-00827,T1,44.7,5.6,71.4,47.3,2025-10-15
STU-00827,T2,54.2,4.9,62.4,29.2,2026-02-15
STU-00827,T3,42.4,5.7,72.8,59.3,2026-05-15
STU-00828,T1,36.2,6.0,74.0,47.2,2025-10-15
STU-00828,T2,36.0,5.2,68.8,30.8,2026-02-15
STU-00828,T3,51.4,5.2,69.6,44.4,2026-05-15
STU-00829,T1,13.8,7.7,81.2,47.1,2025-10-15
STU-00829,T2,34.8,5.8,67.0,28.0,2026-02-15
STU-00829,T3,44.6,5.0,85.0,46.1,2026-05-15
STU-00830,T1,62.2,6.1,59.9,48.2,2025-10-15
STU-00830,T2,32.7,7.4,77.8,50.4,2026-02-15
STU-00830,T3,56.3,7.0,57.0,63.6,2026-05-15
STU-00831,T1,58.5,5.7,69.6,52.5,2025-10-15
STU-00831,T2,39.4,7.6,70.1,21.3,2026-02-15
STU-00831,T3,58.7,6.7,71.2,42.4,2026-05-15
STU-00832,T1,40.4,7.3,91.8,29.3,2025-10-15
STU-00832,T2,35.4,5.6,73.1,65.9,2026-02-15
STU-00832,T3,14.2,5.7,84.1,59.0,2026-05-15
STU-00833,T1,18.5,5.8,78.8,50.0,2025-10-15
STU-00833,T2,33.0,6.1,76.5,19.4,2026-02-15
STU-00833,T3,59.8,5.8,62.7,48.7,2026-05-15
STU-00834,T1,26.0,6.8,91.0,67.3,2025-10-15
STU-00834,T2,38.9,7.6,81.1,29.2,2026-02-15
STU-00834,T3,28.7,6.7,89.4,54.1,2026-05-15
STU-00835,T1,43.2,6.2,58.2,24.5,2025-10-15
STU-00835,T2,59.0,6.2,70.7,62.0,2026-02-15
STU-00835,T3,32.0,5.7,72.3,34.2,2026-05-15
STU-00836,T1,59.3,6.5,65.4,46.8,2025-10-15
STU-00836,T2,53.7,4.9,64.7,53.4,2026-02-15
STU-00836,T3,25.6,7.3,77.0,54.2,2026-05-15
STU-00837,T1,35.2,5.7,68.6,47.8,2025-10-15
STU-00837,T2,42.3,5.4,76.7,25.2,2026-02-15
STU-00837,T3,46.6,6.4,55.7,67.5,2026-05-15
STU-00838,T1,55.0,7.6,70.4,43.7,2025-10-15
STU-00838,T2,50.6,5.2,66.1,44.7,2026-02-15
STU-00838,T3,48.2,7.6,78.5,58.9,2026-05-15
STU-00839,T1,58.5,6.6,70.2,40.1,2025-10-15
STU-00839,T2,42.9,5.9,80.7,40.8,2026-02-15
STU-00839,T3,40.9,6.8,69.9,51.7,2026-05-15
STU-00840,T1,34.6,5.2,71.5,41.3,2025-10-15
STU-00840,T2,47.4,5.6,81.5,50.8,2026-02-15
STU-00840,T3,36.3,6.4,88.9,55.4,2026-05-15
STU-00841,T1,26.2,7.1,82.6,49.6,2025-10-15
STU-00841,T2,41.9,6.9,73.4,48.0,2026-02-15
STU-00841,T3,37.8,6.5,63.8,51.5,2026-05-15
STU-00842,T1,39.6,7.4,73.9,29.0,2025-10-15
STU-00842,T2,50.6,5.1,66.6,39.3,2026-02-15
STU-00842,T3,45.5,6.1,71.2,62.5,2026-05-15
STU-00843,T1,42.4,5.7,73.7,63.4,2025-10-15
STU-00843,T2,60.0,6.6,61.4,21.1,2026-02-15
STU-00843,T3,58.2,7.0,64.3,40.1,2026-05-15
STU-00844,T1,57.6,4.9,66.2,49.4,2025-10-15
STU-00844,T2,61.1,5.4,61.4,30.6,2026-02-15
STU-00844,T3,81.5,5.5,57.7,42.7,2026-05-15
STU-00845,T1,66.3,5.7,61.1,38.1,2025-10-15
STU-00845,T2,65.8,6.4,70.8,41.8,2026-02-15
STU-00845,T3,31.8,5.0,72.9,41.3,2026-05-15
STU-00846,T1,43.5,5.3,72.1,51.5,2025-10-15
STU-00846,T2,36.8,5.4,80.0,46.1,2026-02-15
STU-00846,T3,35.3,6.6,80.2,61.8,2026-05-15
STU-00847,T1,42.0,7.0,68.5,63.3,2025-10-15
STU-00847,T2,55.8,5.6,51.7,56.8,2026-02-15
STU-00847,T3,45.4,5.1,68.8,44.9,2026-05-15
STU-00848,T1,59.2,6.9,82.7,31.2,2025-10-15
STU-00848,T2,52.2,6.0,59.2,44.6,2026-02-15
STU-00848,T3,46.5,5.9,67.0,34.3,2026-05-15
STU-00849,T1,48.7,4.8,66.4,47.3,2025-10-15
STU-00849,T2,41.9,5.7,49.9,67.5,2026-02-15
STU-00849,T3,52.7,5.6,50.1,68.6,2026-05-15
STU-00850,T1,43.7,5.9,77.8,49.9,2025-10-15
STU-00850,T2,41.1,5.1,81.3,5.1,2026-02-15
STU-00850,T3,50.6,6.4,74.4,33.7,2026-05-15
STU-00851,T1,61.1,5.2,70.9,35.0,2025-10-15
STU-00851,T2,65.4,6.0,65.2,28.1,2026-02-15
STU-00851,T3,46.3,6.9,71.4,65.0,2026-05-15
STU-00852,T1,54.1,5.8,59.0,68.2,2025-10-15
STU-00852,T2,72.9,5.2,56.1,51.2,2026-02-15
STU-00852,T3,46.2,6.9,58.5,53.7,2026-05-15
STU-00853,T1,53.6,6.2,39.0,45.8,2025-10-15
STU-00853,T2,42.5,5.7,59.0,68.2,2026-02-15
STU-00853,T3,64.1,5.8,51.9,62.9,2026-05-15
STU-00854,T1,46.7,5.8,80.8,29.0,2025-10-15
STU-00854,T2,59.7,6.0,70.0,42.9,2026-02-15
STU-00854,T3,46.7,5.7,60.1,48.9,2026-05-15
STU-00855,T1,40.4,6.1,69.7,50.4,2025-10-15
STU-00855,T2,69.1,5.4,57.1,45.3,2026-02-15
STU-00855,T3,52.0,7.6,70.5,53.9,2026-05-15
STU-00856,T1,45.7,4.0,56.7,53.9,2025-10-15
STU-00856,T2,54.8,5.9,79.0,41.7,2026-02-15
STU-00856,T3,48.0,5.7,74.6,30.0,2026-05-15
STU-00857,T1,52.0,6.9,75.0,45.3,2025-10-15
STU-00857,T2,50.0,5.2,49.9,41.5,2026-02-15
STU-00857,T3,46.7,5.7,67.7,70.5,2026-05-15
STU-00858,T1,38.5,6.5,71.3,54.4,2025-10-15
STU-00858,T2,54.9,5.9,73.3,53.5,2026-02-15
STU-00858,T3,45.0,6.2,70.6,55.2,2026-05-15
STU-00859,T1,52.4,5.1,62.2,57.4,2025-10-15
STU-00859,T2,50.8,5.9,65.3,41.6,2026-02-15
STU-00859,T3,47.9,5.2,76.7,60.2,2026-05-15
STU-00860,T1,67.0,6.5,65.6,47.6,2025-10-15
STU-00860,T2,44.5,5.6,61.6,73.2,2026-02-15
STU-00860,T3,47.4,4.5,62.3,36.1,2026-05-15
STU-00861,T1,19.1,6.3,76.3,55.6,2025-10-15
STU-00861,T2,67.0,5.9,68.7,37.6,2026-02-15
STU-00861,T3,60.3,6.3,86.4,68.4,2026-05-15
STU-00862,T1,45.3,4.8,61.5,55.3,2025-10-15
STU-00862,T2,63.6,5.1,58.1,32.1,2026-02-15
STU-00862,T3,51.4,6.3,60.2,53.2,2026-05-15
STU-00863,T1,32.4,7.1,65.8,58.9,2025-10-15
STU-00863,T2,72.7,5.4,53.0,63.2,2026-02-15
STU-00863,T3,80.1,5.5,59.1,35.3,2026-05-15
STU-00864,T1,33.1,7.8,86.3,44.2,2025-10-15
STU-00864,T2,46.9,7.4,78.3,60.8,2026-02-15
STU-00864,T3,27.2,5.9,73.1,48.2,2026-05-15
STU-00865,T1,40.0,5.3,66.7,58.5,2025-10-15
STU-00865,T2,57.7,4.4,67.6,62.7,2026-02-15
STU-00865,T3,37.1,6.8,71.4,53.3,2026-05-15
STU-00866,T1,40.8,7.4,68.0,72.1,2025-10-15
STU-00866,T2,55.0,7.1,58.8,51.3,2026-02-15
STU-00866,T3,51.2,6.8,65.5,65.2,2026-05-15
STU-00867,T1,34.8,7.1,84.4,40.0,2025-10-15
STU-00867,T2,33.1,4.7,80.4,60.1,2026-02-15
STU-00867,T3,50.9,6.4,63.9,40.4,2026-05-15
STU-00868,T1,45.1,6.2,80.1,47.9,2025-10-15
STU-00868,T2,60.1,6.7,69.4,24.1,2026-02-15
STU-00868,T3,49.6,6.2,75.8,48.7,2026-05-15
STU-00869,T1,66.1,6.5,67.3,51.3,2025-10-15
STU-00869,T2,64.8,6.7,52.8,53.8,2026-02-15
STU-00869,T3,35.7,5.6,67.0,47.6,2026-05-15
STU-00870,T1,45.2,7.8,67.5,44.3,2025-10-15
STU-00870,T2,47.1,6.3,68.6,57.8,2026-02-15
STU-00870,T3,39.9,6.4,69.4,29.0,2026-05-15
STU-00871,T1,25.9,5.0,81.6,38.6,2025-10-15
STU-00871,T2,52.9,5.3,63.1,43.3,2026-02-15
STU-00871,T3,64.1,5.3,71.1,48.3,2026-05-15
STU-00872,T1,39.6,5.4,72.8,43.2,2025-10-15
STU-00872,T2,35.4,8.1,80.2,52.3,2026-02-15
STU-00872,T3,55.3,6.9,83.9,31.3,2026-05-15
STU-00873,T1,47.0,4.3,67.0,66.3,2025-10-15
STU-00873,T2,39.9,7.4,63.3,57.1,2026-02-15
STU-00873,T3,43.4,5.8,83.4,28.2,2026-05-15
STU-00874,T1,57.5,5.4,73.5,50.0,2025-10-15
STU-00874,T2,63.2,5.3,67.5,50.4,2026-02-15
STU-00874,T3,42.1,5.2,72.4,32.9,2026-05-15
STU-00875,T1,46.3,6.5,74.9,60.1,2025-10-15
STU-00875,T2,54.0,6.3,73.7,44.2,2026-02-15
STU-00875,T3,54.3,6.1,86.9,44.4,2026-05-15
STU-00876,T1,52.3,6.3,75.8,44.1,2025-10-15
STU-00876,T2,50.3,6.6,66.4,49.7,2026-02-15
STU-00876,T3,26.4,7.2,82.4,48.7,2026-05-15
STU-00877,T1,37.6,4.9,76.2,71.9,2025-10-15
STU-00877,T2,64.6,5.9,82.3,45.1,2026-02-15
STU-00877,T3,66.3,6.4,71.6,57.0,2026-05-15
STU-00878,T1,44.5,6.8,65.9,26.7,2025-10-15
STU-00878,T2,62.1,6.0,66.5,19.2,2026-02-15
STU-00878,T3,52.8,6.9,72.6,31.9,2026-05-15
STU-00879,T1,30.2,7.3,88.1,54.7,2025-10-15
STU-00879,T2,44.7,6.4,72.2,26.5,2026-02-15
STU-00879,T3,50.2,5.9,69.4,34.3,2026-05-15
STU-00880,T1,37.8,5.6,70.2,33.5,2025-10-15
STU-00880,T2,58.0,6.3,63.1,8.4,2026-02-15
STU-00880,T3,33.9,5.6,79.6,57.4,2026-05-15
STU-00881,T1,21.1,6.5,86.4,61.7,2025-10-15
STU-00881,T2,36.4,5.5,88.0,29.0,2026-02-15
STU-00881,T3,33.6,8.1,89.8,43.9,2026-05-15
STU-00882,T1,45.1,7.3,66.7,34.7,2025-10-15
STU-00882,T2,48.0,5.9,57.8,68.0,2026-02-15
STU-00882,T3,37.5,5.0,62.9,43.5,2026-05-15
STU-00883,T1,44.4,6.2,75.5,35.7,2025-10-15
STU-00883,T2,63.3,5.6,61.6,60.5,2026-02-15
STU-00883,T3,49.3,6.7,74.0,23.1,2026-05-15
STU-00884,T1,54.1,7.9,67.4,37.0,2025-10-15
STU-00884,T2,42.4,6.2,67.1,77.8,2026-02-15
STU-00884,T3,43.9,6.8,66.1,32.0,2026-05-15
STU-00885,T1,41.4,6.0,68.0,45.3,2025-10-15
STU-00885,T2,48.3,5.3,59.9,29.3,2026-02-15
STU-00885,T3,42.4,8.1,77.7,50.7,2026-05-15
STU-00886,T1,42.4,6.1,86.1,35.0,2025-10-15
STU-00886,T2,47.1,6.5,73.1,38.9,2026-02-15
STU-00886,T3,58.9,5.7,72.0,63.9,2026-05-15
STU-00887,T1,56.3,6.7,68.6,49.8,2025-10-15
STU-00887,T2,39.6,7.4,68.4,34.5,2026-02-15
STU-00887,T3,35.2,7.4,82.8,37.4,2026-05-15
STU-00888,T1,38.5,6.4,77.4,41.6,2025-10-15
STU-00888,T2,33.9,7.5,80.8,48.7,2026-02-15
STU-00888,T3,35.5,6.6,70.5,44.9,2026-05-15
STU-00889,T1,46.2,7.1,72.1,49.3,2025-10-15
STU-00889,T2,53.5,6.0,75.9,39.7,2026-02-15
STU-00889,T3,48.2,6.5,74.5,40.1,2026-05-15
STU-00890,T1,51.9,6.1,66.5,61.7,2025-10-15
STU-00890,T2,58.9,4.4,58.6,62.2,2026-02-15
STU-00890,T3,51.6,6.9,67.9,51.6,2026-05-15
STU-00891,T1,45.4,5.1,80.5,58.0,2025-10-15
STU-00891,T2,45.4,5.9,71.6,31.6,2026-02-15
STU-00891,T3,75.3,6.3,66.7,49.5,2026-05-15
STU-00892,T1,37.8,5.9,81.2,52.4,2025-10-15
STU-00892,T2,56.1,5.7,76.0,54.4,2026-02-15
STU-00892,T3,62.0,7.0,83.7,50.7,2026-05-15
STU-00893,T1,25.7,6.4,69.2,54.7,2025-10-15
STU-00893,T2,48.5,5.2,67.4,50.7,2026-02-15
STU-00893,T3,39.9,6.8,70.2,71.0,2026-05-15
STU-00894,T1,70.5,5.4,68.4,30.6,2025-10-15
STU-00894,T2,53.3,6.9,70.8,55.4,2026-02-15
STU-00894,T3,35.9,5.8,73.3,67.7,2026-05-15
STU-00895,T1,47.5,5.3,62.9,55.2,2025-10-15
STU-00895,T2,51.9,6.2,61.4,56.8,2026-02-15
STU-00895,T3,32.2,6.9,75.7,13.2,2026-05-15
STU-00896,T1,31.1,6.4,71.0,51.6,2025-10-15
STU-00896,T2,58.3,6.5,74.4,52.3,2026-02-15
STU-00896,T3,46.8,6.8,69.1,49.8,2026-05-15
STU-00897,T1,66.9,5.6,68.2,28.9,2025-10-15
STU-00897,T2,63.1,6.1,72.8,38.8,2026-02-15
STU-00897,T3,41.6,5.7,74.2,41.1,2026-05-15
STU-00898,T1,52.9,6.0,49.2,48.3,2025-10-15
STU-00898,T2,58.3,5.7,46.2,35.0,2026-02-15
STU-00898,T3,63.2,5.4,61.8,38.8,2026-05-15
STU-00899,T1,21.9,5.6,70.1,47.1,2025-10-15
STU-00899,T2,48.9,5.3,75.9,27.8,2026-02-15
STU-00899,T3,40.2,6.8,72.4,31.6,2026-05-15
STU-00900,T1,48.4,6.7,67.3,60.7,2025-10-15
STU-00900,T2,59.7,6.3,74.8,12.0,2026-02-15
STU-00900,T3,37.5,6.5,69.4,38.4,2026-05-15
